cid,video_id,parent_cid,parent_text,is_reply,author_unique_id,author_nickname,author_verified,text_raw,text_clean,text_demojize,text_nlp,text_length,is_empty_text,is_empty_after_clean,has_placeholder,is_too_short,is_self_promo,is_repeat_poster,author_max_text_repeats,author_comment_count,has_mention,has_url,is_pinned,liked_by_author,digg_count,log1p_digg_count,lang_reported,lang_detected,lang_agrees,lang_ambiguous,create_time_epoch,posted_utc,posted_local,video_author,video_topic,is_off_topic,needs_series_review,scrape_seq,dup_count,seen_in
7687127015137182472,7687098688291867911,,,false,gabriel.caspillo,duckiduck,false,good ehehehhe,good ehehehhe,good ehehehhe,good ehehehhe,13,false,false,false,false,false,false,1,1,false,false,false,false,0,0.0,en,de,false,false,1789798746,2026-09-19 06:19:06,2026-09-19 14:19:06,popcorn_chill_here,crow,false,false,19,4,"[""tiktok_notyouraveragecrow1.jsonl"", ""tiktok_notyouraveragecrow2.jsonl"", ""tiktok_notyouraveragecrow3.jsonl"", ""tiktok_notyouraveragecrow4.jsonl""]"
7687141302353855239,7687098688291867911,,,false,etclover1,ETC LOVER,false,why I do love this ai video,why i do love this ai video,why i do love this ai video,why i do love this ai video,27,false,false,false,false,false,false,1,5,false,false,false,false,176,5.1761,en,en,true,false,1789802069,2026-09-19 07:14:29,2026-09-19 15:14:29,popcorn_chill_here,crow,false,false,19,4,"[""tiktok_notyouraveragecrow1.jsonl"", ""tiktok_notyouraveragecrow2.jsonl"", ""tiktok_notyouraveragecrow3.jsonl"", ""tiktok_notyouraveragecrow4.jsonl""]"
7687158628641932033,7687098688291867911,,,false,1982palaban,💃🎤🎧Stella🎧🎤💃,false,♥️,♥️,:heart_suit:,:heart_suit:,0,false,false,false,true,false,false,0,1,false,false,false,false,1,0.6931,un,,,true,1789806105,2026-09-19 08:21:45,2026-09-19 16:21:45,popcorn_chill_here,crow,false,false,19,4,"[""tiktok_notyouraveragecrow1.jsonl"", ""tiktok_notyouraveragecrow2.jsonl"", ""tiktok_notyouraveragecrow3.jsonl"", ""tiktok_notyouraveragecrow4.jsonl""]"
7687158695591281416,7687098688291867911,,,false,indaidaha,T🧚‍♀️,false,,,,,0,true,true,false,true,false,false,0,1,false,false,false,false,0,0.0,un,,,true,1789806118,2026-09-19 08:21:58,2026-09-19 16:21:58,popcorn_chill_here,crow,false,false,19,4,"[""tiktok_notyouraveragecrow1.jsonl"", ""tiktok_notyouraveragecrow2.jsonl"", ""tiktok_notyouraveragecrow3.jsonl"", ""tiktok_notyouraveragecrow4.jsonl""]"
7687214932105937672,7687098688291867911,,,false,markxarap,mark Jayson deriada,false,,,,,0,true,true,false,true,false,false,0,1,false,false,false,false,0,0.0,un,,,true,1789819206,2026-09-19 12:00:06,2026-09-19 20:00:06,popcorn_chill_here,crow,false,false,19,4,"[""tiktok_notyouraveragecrow1.jsonl"", ""tiktok_notyouraveragecrow2.jsonl"", ""tiktok_notyouraveragecrow3.jsonl"", ""tiktok_notyouraveragecrow4.jsonl""]"
7687430235286127368,7687098688291867911,,,false,diksyaz2,Nik Syaz,false,thnk you for upload,thnk you for upload,thnk you for upload,thnk you for upload,19,false,false,false,false,false,false,1,1,false,false,false,true,19,2.9957,en,en,true,false,1789869354,2026-09-20 01:55:54,2026-09-20 09:55:54,popcorn_chill_here,crow,false,false,19,4,"[""tiktok_notyouraveragecrow1.jsonl"", ""tiktok_notyouraveragecrow2.jsonl"", ""tiktok_notyouraveragecrow3.jsonl"", ""tiktok_notyouraveragecrow4.jsonl""]"
7687433499960197906,7687098688291867911,,,false,feeding_idkwho,🍥,false,ilysm!,ilysm!,ilysm!,ilysm!,6,false,false,false,false,false,false,1,1,false,false,false,true,1,0.6931,en,tr,false,false,1789870105,2026-09-20 02:08:25,2026-09-20 10:08:25,popcorn_chill_here,crow,false,false,19,4,"[""tiktok_notyouraveragecrow1.jsonl"", ""tiktok_notyouraveragecrow2.jsonl"", ""tiktok_notyouraveragecrow3.jsonl"", ""tiktok_notyouraveragecrow4.jsonl""]"
7687441710351926032,7687098688291867911,,,false,itsmesheila018,Jean,false,[Innocent][Innocent][Innocent],[innocent][innocent][innocent],[innocent][innocent][innocent],[innocent][innocent][innocent],30,false,false,false,false,false,false,1,1,false,false,false,false,0,0.0,en,en,true,false,1789872019,2026-09-20 02:40:19,2026-09-20 10:40:19,popcorn_chill_here,crow,false,false,19,4,"[""tiktok_notyouraveragecrow1.jsonl"", ""tiktok_notyouraveragecrow2.jsonl"", ""tiktok_notyouraveragecrow3.jsonl"", ""tiktok_notyouraveragecrow4.jsonl""]"
7687442558306501397,7687098688291867911,,,false,ojaojioju9,ejaejieju,false,next!,next!,next!,next!,5,false,false,false,false,false,false,1,1,false,false,false,false,1,0.6931,en,fr,false,false,1789872231,2026-09-20 02:43:51,2026-09-20 10:43:51,popcorn_chill_here,crow,false,false,19,4,"[""tiktok_notyouraveragecrow1.jsonl"", ""tiktok_notyouraveragecrow2.jsonl"", ""tiktok_notyouraveragecrow3.jsonl"", ""tiktok_notyouraveragecrow4.jsonl""]"
7687443483414479617,7687098688291867911,,,false,putriiarest,𝐏𝐮𝐭𝐭𝐫𝐲𝐚𝐫𝐞𝐬𝐭🦩,false,thank you,thank you,thank you,thank you,9,false,false,false,false,false,false,1,1,false,false,false,false,1,0.6931,en,en,true,false,1789872436,2026-09-20 02:47:16,2026-09-20 10:47:16,popcorn_chill_here,crow,false,false,19,4,"[""tiktok_notyouraveragecrow1.jsonl"", ""tiktok_notyouraveragecrow2.jsonl"", ""tiktok_notyouraveragecrow3.jsonl"", ""tiktok_notyouraveragecrow4.jsonl""]"
7687525035108172565,7687098688291867911,,,false,_piorrlbyy,_piorr,false,,,,,0,true,true,false,true,false,false,0,1,false,false,false,false,0,0.0,un,,,true,1789891419,2026-09-20 08:03:39,2026-09-20 16:03:39,popcorn_chill_here,crow,false,false,19,4,"[""tiktok_notyouraveragecrow1.jsonl"", ""tiktok_notyouraveragecrow2.jsonl"", ""tiktok_notyouraveragecrow3.jsonl"", ""tiktok_notyouraveragecrow4.jsonl""]"
7687609356418663176,7687098688291867911,,,false,aleynayamans,ALEYYY🦋,false,İ,i̇,i̇,i̇,1,false,false,false,true,false,false,1,1,false,false,false,false,0,0.0,tr,,,true,1789911044,2026-09-20 13:30:44,2026-09-20 21:30:44,popcorn_chill_here,crow,false,false,19,4,"[""tiktok_notyouraveragecrow1.jsonl"", ""tiktok_notyouraveragecrow2.jsonl"", ""tiktok_notyouraveragecrow3.jsonl"", ""tiktok_notyouraveragecrow4.jsonl""]"
7687626917591712520,7687098688291867911,,,false,deunrae,bodoodi,false,,,,,0,true,true,false,true,false,false,0,1,false,false,false,false,0,0.0,un,,,true,1789915131,2026-09-20 14:38:51,2026-09-20 22:38:51,popcorn_chill_here,crow,false,false,19,4,"[""tiktok_notyouraveragecrow1.jsonl"", ""tiktok_notyouraveragecrow2.jsonl"", ""tiktok_notyouraveragecrow3.jsonl"", ""tiktok_notyouraveragecrow4.jsonl""]"
7687666139531543327,7687098688291867911,,,false,rayseeclipse,Rayseeclipse,false,Need espanish l go aplicación,need espanish l go aplicación,need espanish l go aplicación,need espanish l go aplicación,29,false,false,false,false,false,false,1,1,false,false,false,false,1,0.6931,es,es,true,false,1789924332,2026-09-20 17:12:12,2026-09-21 01:12:12,popcorn_chill_here,crow,false,false,19,4,"[""tiktok_notyouraveragecrow1.jsonl"", ""tiktok_notyouraveragecrow2.jsonl"", ""tiktok_notyouraveragecrow3.jsonl"", ""tiktok_notyouraveragecrow4.jsonl""]"
7687847025350607634,7687098688291867911,,,false,marinawakesho2,short wire,false,next,next,next,next,4,false,false,false,false,false,false,1,1,false,false,false,false,0,0.0,en,cs,false,false,1789966713,2026-09-21 04:58:33,2026-09-21 12:58:33,popcorn_chill_here,crow,false,false,19,4,"[""tiktok_notyouraveragecrow1.jsonl"", ""tiktok_notyouraveragecrow2.jsonl"", ""tiktok_notyouraveragecrow3.jsonl"", ""tiktok_notyouraveragecrow4.jsonl""]"
7687909148713960199,7687098688291867911,,,false,bongmziaa,Aica.,false,,,,,0,true,true,false,true,false,false,0,1,false,false,false,false,0,0.0,un,,,true,1789980846,2026-09-21 08:54:06,2026-09-21 16:54:06,popcorn_chill_here,crow,false,false,19,4,"[""tiktok_notyouraveragecrow1.jsonl"", ""tiktok_notyouraveragecrow2.jsonl"", ""tiktok_notyouraveragecrow3.jsonl"", ""tiktok_notyouraveragecrow4.jsonl""]"
7688248413297951509,7687098688291867911,,,false,geoffreyjuma817,faith obondo,false,thank you let me follow l have been searching,thank you let me follow l have been searching,thank you let me follow l have been searching,thank you let me follow l have been searching,45,false,false,false,false,false,false,1,1,false,false,false,false,1,0.6931,en,en,true,false,1790060085,2026-09-22 06:54:45,2026-09-22 14:54:45,popcorn_chill_here,crow,false,false,19,4,"[""tiktok_notyouraveragecrow1.jsonl"", ""tiktok_notyouraveragecrow2.jsonl"", ""tiktok_notyouraveragecrow3.jsonl"", ""tiktok_notyouraveragecrow4.jsonl""]"
7688623890487313160,7687098688291867911,,,false,goodness.james,Goodness James,false,@,@,@,@,1,false,false,false,true,false,false,0,1,false,false,false,false,0,0.0,un,,,true,1790147269,2026-09-23 07:07:49,2026-09-23 15:07:49,popcorn_chill_here,crow,false,false,19,4,"[""tiktok_notyouraveragecrow1.jsonl"", ""tiktok_notyouraveragecrow2.jsonl"", ""tiktok_notyouraveragecrow3.jsonl"", ""tiktok_notyouraveragecrow4.jsonl""]"
7688980879511913222,7687098688291867911,,,false,karyl0850,karyl08,false,"Why is the crow lowkey serving plot? Cantina app, I’m locked in.","why is the crow lowkey serving plot? cantina app, i’m locked in.","why is the crow lowkey serving plot? cantina app, i’m locked in.","why is the crow lowkey serving plot? cantina app, i’m locked in.",64,false,false,false,false,false,false,1,2,false,false,false,false,3,1.3863,en,en,true,false,1790230402,2026-09-24 06:13:22,2026-09-24 14:13:22,popcorn_chill_here,crow,false,false,19,4,"[""tiktok_notyouraveragecrow1.jsonl"", ""tiktok_notyouraveragecrow2.jsonl"", ""tiktok_notyouraveragecrow3.jsonl"", ""tiktok_notyouraveragecrow4.jsonl""]"
7689514607505392405,7687098688291867911,,,false,zunnysaucedo,Zunny Saucedo,false,,,,,0,true,true,false,true,false,false,0,1,false,false,false,false,0,0.0,un,,,true,1790354647,2026-09-25 16:44:07,2026-09-26 00:44:07,popcorn_chill_here,crow,false,false,19,4,"[""tiktok_notyouraveragecrow1.jsonl"", ""tiktok_notyouraveragecrow2.jsonl"", ""tiktok_notyouraveragecrow3.jsonl"", ""tiktok_notyouraveragecrow4.jsonl""]"
7689624064629621517,7687098688291867911,,,false,fetishxoxo,Fet,false,,,,,0,true,true,false,true,false,false,0,1,false,false,false,false,0,0.0,un,,,true,1790380151,2026-09-25 23:49:11,2026-09-26 07:49:11,popcorn_chill_here,crow,false,false,19,4,"[""tiktok_notyouraveragecrow1.jsonl"", ""tiktok_notyouraveragecrow2.jsonl"", ""tiktok_notyouraveragecrow3.jsonl"", ""tiktok_notyouraveragecrow4.jsonl""]"
7689846432181895966,7687098688291867911,,,false,shopwithnyota,ShopwithNyota,false,Girl since when did you spend all your life with crow,girl since when did you spend all your life with crow,girl since when did you spend all your life with crow,girl since when did you spend all your life with crow,53,false,false,false,false,false,false,1,1,false,false,false,false,50,3.9318,en,en,true,false,1790431929,2026-09-26 14:12:09,2026-09-26 22:12:09,popcorn_chill_here,crow,false,false,19,4,"[""tiktok_notyouraveragecrow1.jsonl"", ""tiktok_notyouraveragecrow2.jsonl"", ""tiktok_notyouraveragecrow3.jsonl"", ""tiktok_notyouraveragecrow4.jsonl""]"
7689874342373655316,7687098688291867911,,,false,hajarna3,Hajarna🇵🇭🇩🇪,false,so cute ,so cute,so cute,so cute,7,false,false,false,false,false,false,1,1,false,false,false,false,0,0.0,en,it,false,false,1790438403,2026-09-26 16:00:03,2026-09-27 00:00:03,popcorn_chill_here,crow,false,false,19,4,"[""tiktok_notyouraveragecrow1.jsonl"", ""tiktok_notyouraveragecrow2.jsonl"", ""tiktok_notyouraveragecrow3.jsonl"", ""tiktok_notyouraveragecrow4.jsonl""]"
7689927904810484493,7687098688291867911,7689846432181895966,Girl since when did you spend all your life with crow,true,daydayvib1n,Dayday,false,This AI shi be makin me mad sometimes messing up the plot and shi,this ai shi be makin me mad sometimes messing up the plot and shi,this ai shi be makin me mad sometimes messing up the plot and shi,this ai shi be makin me mad sometimes messing up the plot and shi,65,false,false,false,false,false,false,1,1,false,false,false,false,13,2.6391,en,en,true,false,1790450919,2026-09-26 19:28:39,2026-09-27 03:28:39,popcorn_chill_here,crow,false,false,19,4,"[""tiktok_notyouraveragecrow1.jsonl"", ""tiktok_notyouraveragecrow2.jsonl"", ""tiktok_notyouraveragecrow3.jsonl"", ""tiktok_notyouraveragecrow4.jsonl""]"
7690118117289558792,7687098688291867911,7687141302353855239,why I do love this ai video,true,etclover1,ETC LOVER,false,plsss like my videos everyone,pls like my videos everyone,pls like my videos everyone,pls like my videos everyone,29,false,false,false,false,true,false,1,5,false,false,false,false,0,0.0,en,no,false,false,1790495170,2026-09-27 07:46:10,2026-09-27 15:46:10,popcorn_chill_here,crow,false,false,19,4,"[""tiktok_notyouraveragecrow1.jsonl"", ""tiktok_notyouraveragecrow2.jsonl"", ""tiktok_notyouraveragecrow3.jsonl"", ""tiktok_notyouraveragecrow4.jsonl""]"
7687101541833474823,7687099158422883602,,,false,raspberrydelight378,Raspberry~°~,false,so peak,so peak,so peak,so peak,7,false,false,false,false,false,false,1,1,false,false,false,false,30,3.434,en,sl,false,false,1789792819,2026-09-19 04:40:19,2026-09-19 12:40:19,popcorn_chill_here,crow,false,false,20,4,"[""tiktok_notyouraveragecrow1.jsonl"", ""tiktok_notyouraveragecrow2.jsonl"", ""tiktok_notyouraveragecrow3.jsonl"", ""tiktok_notyouraveragecrow5.jsonl""]"
7687101843369362193,7687099158422883602,,,false,_rhixp,爱,false,next part,next part,next part,next part,9,false,false,false,false,false,false,1,1,false,false,false,false,0,0.0,en,fr,false,false,1789792887,2026-09-19 04:41:27,2026-09-19 12:41:27,popcorn_chill_here,crow,false,false,20,4,"[""tiktok_notyouraveragecrow1.jsonl"", ""tiktok_notyouraveragecrow2.jsonl"", ""tiktok_notyouraveragecrow3.jsonl"", ""tiktok_notyouraveragecrow5.jsonl""]"
7687102184333247239,7687099158422883602,,,false,justshannthings,Shanny Boy,false,next parts!!,next parts!!,next parts!!,next parts!!,12,false,false,false,false,false,false,1,1,false,false,false,false,0,0.0,en,fr,false,false,1789792962,2026-09-19 04:42:42,2026-09-19 12:42:42,popcorn_chill_here,crow,false,false,20,4,"[""tiktok_notyouraveragecrow1.jsonl"", ""tiktok_notyouraveragecrow2.jsonl"", ""tiktok_notyouraveragecrow3.jsonl"", ""tiktok_notyouraveragecrow5.jsonl""]"
7687103978325525268,7687099158422883602,,,false,zanver.vohn.official,It's_Sae🚀,false,part 6,part 6,part 6,part 6,6,false,false,false,false,false,false,1,1,false,false,false,false,0,0.0,en,fr,false,false,1789793391,2026-09-19 04:49:51,2026-09-19 12:49:51,popcorn_chill_here,crow,false,false,20,4,"[""tiktok_notyouraveragecrow1.jsonl"", ""tiktok_notyouraveragecrow2.jsonl"", ""tiktok_notyouraveragecrow3.jsonl"", ""tiktok_notyouraveragecrow5.jsonl""]"
7687105469228385045,7687099158422883602,,,false,preciouszum,Preciouszum,false,Nexttt,next,next,next,6,false,false,false,false,false,false,1,1,false,false,false,false,0,0.0,en,cs,false,false,1789793739,2026-09-19 04:55:39,2026-09-19 12:55:39,popcorn_chill_here,crow,false,false,20,4,"[""tiktok_notyouraveragecrow1.jsonl"", ""tiktok_notyouraveragecrow2.jsonl"", ""tiktok_notyouraveragecrow3.jsonl"", ""tiktok_notyouraveragecrow5.jsonl""]"
7687115598816543505,7687099158422883602,,,false,nyxiehallow,nyxi lorenz🌙,false,peak story peak design and peak smooth,peak story peak design and peak smooth,peak story peak design and peak smooth,peak story peak design and peak smooth,38,false,false,false,false,false,false,1,2,false,false,false,false,249,5.5215,en,en,true,false,1789796087,2026-09-19 05:34:47,2026-09-19 13:34:47,popcorn_chill_here,crow,false,false,20,4,"[""tiktok_notyouraveragecrow1.jsonl"", ""tiktok_notyouraveragecrow2.jsonl"", ""tiktok_notyouraveragecrow3.jsonl"", ""tiktok_notyouraveragecrow5.jsonl""]"
7687141706647487239,7687099158422883602,,,false,etclover1,ETC LOVER,false,why do I love this ai video,why do i love this ai video,why do i love this ai video,why do i love this ai video,27,false,false,false,false,false,false,1,5,false,false,false,false,75,4.3307,en,en,true,false,1789802165,2026-09-19 07:16:05,2026-09-19 15:16:05,popcorn_chill_here,crow,false,false,20,4,"[""tiktok_notyouraveragecrow1.jsonl"", ""tiktok_notyouraveragecrow2.jsonl"", ""tiktok_notyouraveragecrow3.jsonl"", ""tiktok_notyouraveragecrow5.jsonl""]"
7687180075276239634,7687099158422883602,7687115598816543505,peak story peak design and peak smooth,true,hail_mary8,Hale_Mary,false,peak peak,peak peak,peak peak,peak peak,9,false,false,false,false,false,false,1,2,false,false,false,false,10,2.3979,en,id,false,false,1789811099,2026-09-19 09:44:59,2026-09-19 17:44:59,popcorn_chill_here,crow,false,false,20,4,"[""tiktok_notyouraveragecrow1.jsonl"", ""tiktok_notyouraveragecrow2.jsonl"", ""tiktok_notyouraveragecrow3.jsonl"", ""tiktok_notyouraveragecrow5.jsonl""]"
7687235427120743175,7687099158422883602,,,false,liyemikhaya14,Candy Shop 🍬 🍫 🍬,false,,,,,0,true,true,false,true,false,false,0,1,false,false,false,false,0,0.0,un,,,true,1789823986,2026-09-19 13:19:46,2026-09-19 21:19:46,popcorn_chill_here,crow,false,false,20,4,"[""tiktok_notyouraveragecrow1.jsonl"", ""tiktok_notyouraveragecrow2.jsonl"", ""tiktok_notyouraveragecrow3.jsonl"", ""tiktok_notyouraveragecrow5.jsonl""]"
7687286682567836424,7687099158422883602,,,false,rudi__97,￶𝙈𝘼𝙎_ℛ𝓎𝙐𝒟𝓎_ ♑,false,,,,,0,true,true,false,true,false,false,0,1,false,false,false,false,0,0.0,un,,,true,1789835918,2026-09-19 16:38:38,2026-09-20 00:38:38,popcorn_chill_here,crow,false,false,20,4,"[""tiktok_notyouraveragecrow1.jsonl"", ""tiktok_notyouraveragecrow2.jsonl"", ""tiktok_notyouraveragecrow3.jsonl"", ""tiktok_notyouraveragecrow5.jsonl""]"
7687300860451488532,7687099158422883602,,,false,marss16_00,Marss,false,,,,,0,true,true,false,true,false,false,0,1,false,false,false,false,0,0.0,un,,,true,1789839218,2026-09-19 17:33:38,2026-09-20 01:33:38,popcorn_chill_here,crow,false,false,20,4,"[""tiktok_notyouraveragecrow1.jsonl"", ""tiktok_notyouraveragecrow2.jsonl"", ""tiktok_notyouraveragecrow3.jsonl"", ""tiktok_notyouraveragecrow5.jsonl""]"
7687366062002684690,7687099158422883602,,,false,xiansalazar5,XEPOXᥫ᭡,false,,,,,0,true,true,false,true,false,false,0,1,false,false,false,false,0,0.0,un,,,true,1789854413,2026-09-19 21:46:53,2026-09-20 05:46:53,popcorn_chill_here,crow,false,false,20,4,"[""tiktok_notyouraveragecrow1.jsonl"", ""tiktok_notyouraveragecrow2.jsonl"", ""tiktok_notyouraveragecrow3.jsonl"", ""tiktok_notyouraveragecrow5.jsonl""]"
7687393680596681493,7687099158422883602,,,false,mochinochiva,Mochi😼❤,false,[Menghangatkan hati][Menghangatkan hati][Menghangatkan hati],[menghangatkan hati][menghangatkan hati][menghangatkan hati],[menghangatkan hati][menghangatkan hati][menghangatkan hati],[menghangatkan hati][menghangatkan hati][menghangatkan hati],60,false,false,false,false,false,false,1,1,false,false,false,false,0,0.0,id,id,true,false,1789860847,2026-09-19 23:34:07,2026-09-20 07:34:07,popcorn_chill_here,crow,false,false,20,4,"[""tiktok_notyouraveragecrow1.jsonl"", ""tiktok_notyouraveragecrow2.jsonl"", ""tiktok_notyouraveragecrow3.jsonl"", ""tiktok_notyouraveragecrow5.jsonl""]"
7687411376612410133,7687099158422883602,7687141706647487239,why do I love this ai video,true,ariel.caputol3,MJ,false,fr this ai video is smooth not like other people they posted is a delay,fr this ai video is smooth not like other people they posted is a delay,fr this ai video is smooth not like other people they posted is a delay,fr this ai video is smooth not like other people they posted is a delay,71,false,false,false,false,false,false,1,1,false,false,false,false,1,0.6931,en,en,true,false,1789864971,2026-09-20 00:42:51,2026-09-20 08:42:51,popcorn_chill_here,crow,false,false,20,4,"[""tiktok_notyouraveragecrow1.jsonl"", ""tiktok_notyouraveragecrow2.jsonl"", ""tiktok_notyouraveragecrow3.jsonl"", ""tiktok_notyouraveragecrow5.jsonl""]"
7687413965508887316,7687099158422883602,,,false,dinamalikha03,Dina Malikha,false,gak bisa bahasa inggris,gak bisa bahasa inggris,gak bisa bahasa inggris,gak bisa bahasa inggris,23,false,false,false,false,false,false,1,3,false,false,false,false,29,3.4012,id,tl,false,false,1789865574,2026-09-20 00:52:54,2026-09-20 08:52:54,popcorn_chill_here,crow,false,false,20,4,"[""tiktok_notyouraveragecrow1.jsonl"", ""tiktok_notyouraveragecrow2.jsonl"", ""tiktok_notyouraveragecrow3.jsonl"", ""tiktok_notyouraveragecrow5.jsonl""]"
7687415901398811409,7687099158422883602,7687115598816543505,peak story peak design and peak smooth,true,mizisua4k,aki,false,,,,,0,true,true,false,true,false,false,0,1,false,false,false,false,1,0.6931,un,,,true,1789866019,2026-09-20 01:00:19,2026-09-20 09:00:19,popcorn_chill_here,crow,false,false,20,4,"[""tiktok_notyouraveragecrow1.jsonl"", ""tiktok_notyouraveragecrow2.jsonl"", ""tiktok_notyouraveragecrow3.jsonl"", ""tiktok_notyouraveragecrow5.jsonl""]"
7687423477373272840,7687099158422883602,7687413965508887316,gak bisa bahasa inggris,true,abrienna4,abrienna,false,terjemahan otomatispun nggak ada ini.. pie aku,terjemahan otomatispun nggak ada ini.. pie aku,terjemahan otomatispun nggak ada ini.. pie aku,terjemahan otomatispun nggak ada ini.. pie aku,46,false,false,false,false,false,false,1,4,false,false,false,false,7,2.0794,id,id,true,false,1789867783,2026-09-20 01:29:43,2026-09-20 09:29:43,popcorn_chill_here,crow,false,false,20,4,"[""tiktok_notyouraveragecrow1.jsonl"", ""tiktok_notyouraveragecrow2.jsonl"", ""tiktok_notyouraveragecrow3.jsonl"", ""tiktok_notyouraveragecrow5.jsonl""]"
7687425774451901204,7687099158422883602,,,false,giraffe44360,giraffe44,false,love ittt,love it,love it,love it,9,false,false,false,false,false,false,1,1,false,false,false,false,0,0.0,en,sl,false,false,1789868313,2026-09-20 01:38:33,2026-09-20 09:38:33,popcorn_chill_here,crow,false,false,20,4,"[""tiktok_notyouraveragecrow1.jsonl"", ""tiktok_notyouraveragecrow2.jsonl"", ""tiktok_notyouraveragecrow3.jsonl"", ""tiktok_notyouraveragecrow5.jsonl""]"
7687430807082566408,7687099158422883602,,,false,volleyballlegendscreator,volleyballlegendscreator,false,,,,,0,true,true,false,true,false,false,0,1,false,false,false,false,0,0.0,un,,,true,1789869481,2026-09-20 01:58:01,2026-09-20 09:58:01,popcorn_chill_here,crow,false,false,20,4,"[""tiktok_notyouraveragecrow1.jsonl"", ""tiktok_notyouraveragecrow2.jsonl"", ""tiktok_notyouraveragecrow3.jsonl"", ""tiktok_notyouraveragecrow5.jsonl""]"
7687431824397828885,7687099158422883602,,,false,haiorangasing,zezeyacha,false,@fani ,,,,5,false,true,false,false,false,false,0,1,true,false,false,false,0,0.0,un,,,true,1789869728,2026-09-20 02:02:08,2026-09-20 10:02:08,popcorn_chill_here,crow,false,false,20,4,"[""tiktok_notyouraveragecrow1.jsonl"", ""tiktok_notyouraveragecrow2.jsonl"", ""tiktok_notyouraveragecrow3.jsonl"", ""tiktok_notyouraveragecrow5.jsonl""]"
7687433018377896725,7687099158422883602,7687141706647487239,why do I love this ai video,true,ryzenjacob1211,itsjancee,false,it's magical,it's magical,it's magical,it's magical,12,false,false,false,false,false,false,1,1,false,false,false,false,1,0.6931,en,tl,false,false,1789869994,2026-09-20 02:06:34,2026-09-20 10:06:34,popcorn_chill_here,crow,false,false,20,4,"[""tiktok_notyouraveragecrow1.jsonl"", ""tiktok_notyouraveragecrow2.jsonl"", ""tiktok_notyouraveragecrow3.jsonl"", ""tiktok_notyouraveragecrow5.jsonl""]"
7687454627822846740,7687099158422883602,,,false,endangcahya126,ECN,false,"""don't all jump on me, I'm easily scared "" lucu bgt sh dia","""don't all jump on me, i'm easily scared "" lucu bgt sh dia","""don't all jump on me, i'm easily scared "" lucu bgt sh dia","""don't all jump on me, i'm easily scared "" lucu bgt sh dia",58,false,false,false,false,false,false,1,1,false,false,false,false,0,0.0,en,en,true,false,1789875032,2026-09-20 03:30:32,2026-09-20 11:30:32,popcorn_chill_here,crow,false,false,20,4,"[""tiktok_notyouraveragecrow1.jsonl"", ""tiktok_notyouraveragecrow2.jsonl"", ""tiktok_notyouraveragecrow3.jsonl"", ""tiktok_notyouraveragecrow5.jsonl""]"
7687464276181320469,7687099158422883602,7687413965508887316,gak bisa bahasa inggris,true,dinamalikha03,Dina Malikha,false,[Tawa oke][Tawa oke],[tawa oke][tawa oke],[tawa oke][tawa oke],[tawa oke][tawa oke],20,false,false,false,false,false,false,1,3,false,false,false,false,1,0.6931,id,sw,false,false,1789877274,2026-09-20 04:07:54,2026-09-20 12:07:54,popcorn_chill_here,crow,false,false,20,4,"[""tiktok_notyouraveragecrow1.jsonl"", ""tiktok_notyouraveragecrow2.jsonl"", ""tiktok_notyouraveragecrow3.jsonl"", ""tiktok_notyouraveragecrow5.jsonl""]"
7687466568426701589,7687099158422883602,,,false,rhean0541,rhean,false,,,,,0,true,true,false,true,false,false,0,1,false,false,false,false,0,0.0,un,,,true,1789877808,2026-09-20 04:16:48,2026-09-20 12:16:48,popcorn_chill_here,crow,false,false,20,4,"[""tiktok_notyouraveragecrow1.jsonl"", ""tiktok_notyouraveragecrow2.jsonl"", ""tiktok_notyouraveragecrow3.jsonl"", ""tiktok_notyouraveragecrow5.jsonl""]"
7687504510310482696,7687099158422883602,,,false,rumsha_flowery,Rumsha Flowery,false,,,,,0,true,true,false,true,false,false,0,1,false,false,false,false,0,0.0,un,,,true,1789886639,2026-09-20 06:43:59,2026-09-20 14:43:59,popcorn_chill_here,crow,false,false,20,4,"[""tiktok_notyouraveragecrow1.jsonl"", ""tiktok_notyouraveragecrow2.jsonl"", ""tiktok_notyouraveragecrow3.jsonl"", ""tiktok_notyouraveragecrow5.jsonl""]"
7687507152810181384,7687099158422883602,,,false,xylen_eudora,notification,false,why she looks like Wednesday,why she looks like wednesday,why she looks like wednesday,why she looks like wednesday,28,false,false,false,false,false,false,1,1,false,false,false,false,0,0.0,en,en,true,false,1789887248,2026-09-20 06:54:08,2026-09-20 14:54:08,popcorn_chill_here,crow,false,false,20,4,"[""tiktok_notyouraveragecrow1.jsonl"", ""tiktok_notyouraveragecrow2.jsonl"", ""tiktok_notyouraveragecrow3.jsonl"", ""tiktok_notyouraveragecrow5.jsonl""]"
7687517806284129041,7687099158422883602,7687413965508887316,gak bisa bahasa inggris,true,dumpeoplee,❹❹❹,false,ka,ka,ka,ka,2,false,false,false,true,false,false,1,1,false,false,false,false,1,0.6931,hi,,,true,1789889731,2026-09-20 07:35:31,2026-09-20 15:35:31,popcorn_chill_here,crow,false,false,20,4,"[""tiktok_notyouraveragecrow1.jsonl"", ""tiktok_notyouraveragecrow2.jsonl"", ""tiktok_notyouraveragecrow3.jsonl"", ""tiktok_notyouraveragecrow5.jsonl""]"
7687518114514830096,7687099158422883602,7687141706647487239,why do I love this ai video,true,m.i.s.s.b.t.s.a.r,⋆. 𐙚˚࿔ cherry 𝜗𝜚˚⋆,false,yeahhh,yeah,yeah,yeah,6,false,false,false,false,false,false,1,1,false,false,false,false,0,0.0,en,tr,false,false,1789889800,2026-09-20 07:36:40,2026-09-20 15:36:40,popcorn_chill_here,crow,false,false,20,4,"[""tiktok_notyouraveragecrow1.jsonl"", ""tiktok_notyouraveragecrow2.jsonl"", ""tiktok_notyouraveragecrow3.jsonl"", ""tiktok_notyouraveragecrow5.jsonl""]"
7687519246695678737,7687099158422883602,,,false,nesie_hush203,Ms. Nesie,false,,,,,0,true,true,false,true,false,false,0,1,false,false,false,false,0,0.0,un,,,true,1789890063,2026-09-20 07:41:03,2026-09-20 15:41:03,popcorn_chill_here,crow,false,false,20,4,"[""tiktok_notyouraveragecrow1.jsonl"", ""tiktok_notyouraveragecrow2.jsonl"", ""tiktok_notyouraveragecrow3.jsonl"", ""tiktok_notyouraveragecrow5.jsonl""]"
7687571427352412949,7687099158422883602,,,false,syahrulmoe,lalu ku hitung 1 sampai 3,false,lanjuttt,lanjut,lanjut,lanjut,8,false,false,false,false,false,false,1,2,false,false,false,false,0,0.0,id,hr,false,false,1789902217,2026-09-20 11:03:37,2026-09-20 19:03:37,popcorn_chill_here,crow,false,false,20,4,"[""tiktok_notyouraveragecrow1.jsonl"", ""tiktok_notyouraveragecrow2.jsonl"", ""tiktok_notyouraveragecrow3.jsonl"", ""tiktok_notyouraveragecrow5.jsonl""]"
7687604770182316820,7687099158422883602,,,false,ceocto19,Octobercw,false,,,,,0,true,true,false,true,false,false,0,1,false,false,false,false,0,0.0,un,,,true,1789909974,2026-09-20 13:12:54,2026-09-20 21:12:54,popcorn_chill_here,crow,false,false,20,4,"[""tiktok_notyouraveragecrow1.jsonl"", ""tiktok_notyouraveragecrow2.jsonl"", ""tiktok_notyouraveragecrow3.jsonl"", ""tiktok_notyouraveragecrow5.jsonl""]"
7687605149908943632,7687099158422883602,,,false,lakshmi26001,Lakshmi2601,false,,,,,0,true,true,false,true,false,false,0,1,false,false,false,false,0,0.0,un,,,true,1789910082,2026-09-20 13:14:42,2026-09-20 21:14:42,popcorn_chill_here,crow,false,false,20,4,"[""tiktok_notyouraveragecrow1.jsonl"", ""tiktok_notyouraveragecrow2.jsonl"", ""tiktok_notyouraveragecrow3.jsonl"", ""tiktok_notyouraveragecrow5.jsonl""]"
7687608623791899412,7687099158422883602,,,false,tetehcianjur92,tetehmungill92,false,nongol sendiri kelanjutannya tp aku GX bisa bahasa inggris [Terkekeh],nongol sendiri kelanjutannya tp aku gx bisa bahasa inggris [terkekeh],nongol sendiri kelanjutannya tp aku gx bisa bahasa inggris [terkekeh],nongol sendiri kelanjutannya tp aku gx bisa bahasa inggris [terkekeh],69,false,false,false,false,false,false,1,2,false,false,false,false,3,1.3863,id,id,true,false,1789910878,2026-09-20 13:27:58,2026-09-20 21:27:58,popcorn_chill_here,crow,false,false,20,4,"[""tiktok_notyouraveragecrow1.jsonl"", ""tiktok_notyouraveragecrow2.jsonl"", ""tiktok_notyouraveragecrow3.jsonl"", ""tiktok_notyouraveragecrow5.jsonl""]"
7687612199812956949,7687099158422883602,,,false,tetehcianjur92,tetehmungill92,false,ehh ternyata di bawah nyh ada tulisan terjemahan JD bisa ngerti,ehh ternyata di bawah nyh ada tulisan terjemahan jd bisa ngerti,ehh ternyata di bawah nyh ada tulisan terjemahan jd bisa ngerti,ehh ternyata di bawah nyh ada tulisan terjemahan jd bisa ngerti,63,false,false,false,false,false,false,1,2,false,false,false,false,2,1.0986,id,id,true,false,1789911717,2026-09-20 13:41:57,2026-09-20 21:41:57,popcorn_chill_here,crow,false,false,20,4,"[""tiktok_notyouraveragecrow1.jsonl"", ""tiktok_notyouraveragecrow2.jsonl"", ""tiktok_notyouraveragecrow3.jsonl"", ""tiktok_notyouraveragecrow5.jsonl""]"
7687648781621494549,7687099158422883602,,,false,lungisithole368,🌷cam🌷,false,wa,wa,wa,wa,2,false,false,false,true,false,false,1,1,false,false,false,false,0,0.0,sw,,,true,1789920226,2026-09-20 16:03:46,2026-09-21 00:03:46,popcorn_chill_here,crow,false,false,20,4,"[""tiktok_notyouraveragecrow1.jsonl"", ""tiktok_notyouraveragecrow2.jsonl"", ""tiktok_notyouraveragecrow3.jsonl"", ""tiktok_notyouraveragecrow5.jsonl""]"
7687888774332973844,7687099158422883602,,,false,ashtotiepotato,ashtot,false,squishy little thing,squishy little thing,squishy little thing,squishy little thing,20,false,false,false,false,false,false,1,1,false,false,false,false,4,1.6094,en,en,true,false,1789976114,2026-09-21 07:35:14,2026-09-21 15:35:14,popcorn_chill_here,crow,false,false,20,4,"[""tiktok_notyouraveragecrow1.jsonl"", ""tiktok_notyouraveragecrow2.jsonl"", ""tiktok_notyouraveragecrow3.jsonl"", ""tiktok_notyouraveragecrow5.jsonl""]"
7687949830354060050,7687099158422883602,7687413965508887316,gak bisa bahasa inggris,true,lostworldoftiktok,BulBul,false,Lemah gila tak reti bahasa eng,lemah gila tak reti bahasa eng,lemah gila tak reti bahasa eng,lemah gila tak reti bahasa eng,30,false,false,false,false,false,false,1,1,false,false,false,false,1,0.6931,ms,id,false,false,1789990318,2026-09-21 11:31:58,2026-09-21 19:31:58,popcorn_chill_here,crow,false,false,20,4,"[""tiktok_notyouraveragecrow1.jsonl"", ""tiktok_notyouraveragecrow2.jsonl"", ""tiktok_notyouraveragecrow3.jsonl"", ""tiktok_notyouraveragecrow5.jsonl""]"
7687984812267668244,7687099158422883602,7687413965508887316,gak bisa bahasa inggris,true,tinasartinah0,tinaharis,false,klik kak,klik kak,klik kak,klik kak,8,false,false,false,false,false,false,1,4,false,false,false,false,0,0.0,id,et,false,false,1789998466,2026-09-21 13:47:46,2026-09-21 21:47:46,popcorn_chill_here,crow,false,false,20,4,"[""tiktok_notyouraveragecrow1.jsonl"", ""tiktok_notyouraveragecrow2.jsonl"", ""tiktok_notyouraveragecrow3.jsonl"", ""tiktok_notyouraveragecrow5.jsonl""]"
7688007953811014408,7687099158422883602,7687413965508887316,gak bisa bahasa inggris,true,abrienna4,abrienna,false,"klik di mna ?
nggak ada yang harus di klik kak ",klik di mna ? nggak ada yang harus di klik kak,klik di mna ? nggak ada yang harus di klik kak,klik di mna ? nggak ada yang harus di klik kak,46,false,false,false,false,false,false,1,4,false,false,false,false,0,0.0,id,id,true,false,1790003851,2026-09-21 15:17:31,2026-09-21 23:17:31,popcorn_chill_here,crow,false,false,20,4,"[""tiktok_notyouraveragecrow1.jsonl"", ""tiktok_notyouraveragecrow2.jsonl"", ""tiktok_notyouraveragecrow3.jsonl"", ""tiktok_notyouraveragecrow5.jsonl""]"
7688008042261414676,7687099158422883602,7687413965508887316,gak bisa bahasa inggris,true,tinasartinah0,tinaharis,false,,,,,0,true,true,false,true,false,false,1,4,false,false,false,false,0,0.0,un,,,true,1790003879,2026-09-21 15:17:59,2026-09-21 23:17:59,popcorn_chill_here,crow,false,false,20,4,"[""tiktok_notyouraveragecrow1.jsonl"", ""tiktok_notyouraveragecrow2.jsonl"", ""tiktok_notyouraveragecrow3.jsonl"", ""tiktok_notyouraveragecrow5.jsonl""]"
7688008179053183752,7687099158422883602,7687413965508887316,gak bisa bahasa inggris,true,abrienna4,abrienna,false,,,,,0,true,true,false,true,false,false,1,4,false,false,false,false,0,0.0,un,,,true,1790003902,2026-09-21 15:18:22,2026-09-21 23:18:22,popcorn_chill_here,crow,false,false,20,4,"[""tiktok_notyouraveragecrow1.jsonl"", ""tiktok_notyouraveragecrow2.jsonl"", ""tiktok_notyouraveragecrow3.jsonl"", ""tiktok_notyouraveragecrow5.jsonl""]"
7688008206941963028,7687099158422883602,7687413965508887316,gak bisa bahasa inggris,true,tinasartinah0,tinaharis,false,lihat terjemahan kak,lihat terjemahan kak,lihat terjemahan kak,lihat terjemahan kak,20,false,false,false,false,false,false,1,4,false,false,false,false,0,0.0,id,id,true,false,1790003911,2026-09-21 15:18:31,2026-09-21 23:18:31,popcorn_chill_here,crow,false,false,20,4,"[""tiktok_notyouraveragecrow1.jsonl"", ""tiktok_notyouraveragecrow2.jsonl"", ""tiktok_notyouraveragecrow3.jsonl"", ""tiktok_notyouraveragecrow5.jsonl""]"
7688008542775378695,7687099158422883602,7687413965508887316,gak bisa bahasa inggris,true,abrienna4,abrienna,false,"punyaku hilang kak 
biasanya ada.. ini dah nggak ada ",punyaku hilang kak biasanya ada.. ini dah nggak ada,punyaku hilang kak biasanya ada.. ini dah nggak ada,punyaku hilang kak biasanya ada.. ini dah nggak ada,51,false,false,false,false,false,false,1,4,false,false,false,false,1,0.6931,id,id,true,false,1790003987,2026-09-21 15:19:47,2026-09-21 23:19:47,popcorn_chill_here,crow,false,false,20,4,"[""tiktok_notyouraveragecrow1.jsonl"", ""tiktok_notyouraveragecrow2.jsonl"", ""tiktok_notyouraveragecrow3.jsonl"", ""tiktok_notyouraveragecrow5.jsonl""]"
7688201162214032149,7687099158422883602,,,false,radit_gunslinger,Radit Gunslinger,false,lanjudd,lanjudd,lanjudd,lanjudd,7,false,false,false,false,false,false,1,1,false,false,false,false,0,0.0,id,hr,false,false,1790048840,2026-09-22 03:47:20,2026-09-22 11:47:20,popcorn_chill_here,crow,false,false,20,4,"[""tiktok_notyouraveragecrow1.jsonl"", ""tiktok_notyouraveragecrow2.jsonl"", ""tiktok_notyouraveragecrow3.jsonl"", ""tiktok_notyouraveragecrow5.jsonl""]"
7688256725843198740,7687099158422883602,,,false,realmenote70462,ahmad hungkul,false,lanjutt,lanjutt,lanjutt,lanjutt,7,false,false,false,false,false,false,1,1,false,false,false,false,0,0.0,id,fi,false,false,1790061994,2026-09-22 07:26:34,2026-09-22 15:26:34,popcorn_chill_here,crow,false,false,20,4,"[""tiktok_notyouraveragecrow1.jsonl"", ""tiktok_notyouraveragecrow2.jsonl"", ""tiktok_notyouraveragecrow3.jsonl"", ""tiktok_notyouraveragecrow5.jsonl""]"
7688304797208724244,7687099158422883602,,,false,hemmm..000,xynee_,false,yesss dateng sendiri episode nya,yes dateng sendiri episode nya,yes dateng sendiri episode nya,yes dateng sendiri episode nya,32,false,false,false,false,false,false,1,1,false,false,false,false,0,0.0,id,id,true,false,1790072974,2026-09-22 10:29:34,2026-09-22 18:29:34,popcorn_chill_here,crow,false,false,20,4,"[""tiktok_notyouraveragecrow1.jsonl"", ""tiktok_notyouraveragecrow2.jsonl"", ""tiktok_notyouraveragecrow3.jsonl"", ""tiktok_notyouraveragecrow5.jsonl""]"
7688316420623975175,7687099158422883602,7687115598816543505,peak story peak design and peak smooth,true,treasha.faye.baja,tttt,false,. please.p.p,. please.p.p,. please.p.p,. please.p.p,12,false,false,false,false,false,false,1,1,false,false,false,false,0,0.0,en,en,true,false,1790075681,2026-09-22 11:14:41,2026-09-22 19:14:41,popcorn_chill_here,crow,false,false,20,4,"[""tiktok_notyouraveragecrow1.jsonl"", ""tiktok_notyouraveragecrow2.jsonl"", ""tiktok_notyouraveragecrow3.jsonl"", ""tiktok_notyouraveragecrow5.jsonl""]"
7688333306866582280,7687099158422883602,7687141706647487239,why do I love this ai video,true,etclover1,ETC LOVER,false,what,what,what,what,4,false,false,false,false,false,false,1,5,false,false,false,false,0,0.0,en,en,true,false,1790079606,2026-09-22 12:20:06,2026-09-22 20:20:06,popcorn_chill_here,crow,false,false,20,4,"[""tiktok_notyouraveragecrow1.jsonl"", ""tiktok_notyouraveragecrow2.jsonl"", ""tiktok_notyouraveragecrow3.jsonl"", ""tiktok_notyouraveragecrow5.jsonl""]"
7688544462888977172,7687099158422883602,7687413965508887316,gak bisa bahasa inggris,true,tinasartinah0,tinaharis,false,,,,,0,true,true,false,true,false,false,1,4,false,false,false,false,0,0.0,un,,,true,1790128787,2026-09-23 01:59:47,2026-09-23 09:59:47,popcorn_chill_here,crow,false,false,20,4,"[""tiktok_notyouraveragecrow1.jsonl"", ""tiktok_notyouraveragecrow2.jsonl"", ""tiktok_notyouraveragecrow3.jsonl"", ""tiktok_notyouraveragecrow5.jsonl""]"
7688548637732193031,7687099158422883602,,,false,cevisuhendi,cevi,false,,,,,0,true,true,false,true,false,false,0,1,false,false,false,false,0,0.0,un,,,true,1790129751,2026-09-23 02:15:51,2026-09-23 10:15:51,popcorn_chill_here,crow,false,false,20,4,"[""tiktok_notyouraveragecrow1.jsonl"", ""tiktok_notyouraveragecrow2.jsonl"", ""tiktok_notyouraveragecrow3.jsonl"", ""tiktok_notyouraveragecrow5.jsonl""]"
7688890007980868370,7687099158422883602,7687413965508887316,gak bisa bahasa inggris,true,rara89671,Aura°✓putri,false,untung aku ada terjemahannya [Terkekeh],untung aku ada terjemahannya [terkekeh],untung aku ada terjemahannya [terkekeh],untung aku ada terjemahannya [terkekeh],39,false,false,false,false,false,false,1,1,false,false,false,false,0,0.0,id,id,true,false,1790209232,2026-09-24 00:20:32,2026-09-24 08:20:32,popcorn_chill_here,crow,false,false,20,4,"[""tiktok_notyouraveragecrow1.jsonl"", ""tiktok_notyouraveragecrow2.jsonl"", ""tiktok_notyouraveragecrow3.jsonl"", ""tiktok_notyouraveragecrow5.jsonl""]"
7688997398870442773,7687099158422883602,7687413965508887316,gak bisa bahasa inggris,true,dinamalikha03,Dina Malikha,false,pamer ‍↔️,pamer ‍↔️,pamer ‍:left-right_arrow:,pamer ‍:left-right_arrow:,7,false,false,false,false,false,false,1,3,false,false,false,false,0,0.0,id,id,true,false,1790234239,2026-09-24 07:17:19,2026-09-24 15:17:19,popcorn_chill_here,crow,false,false,20,4,"[""tiktok_notyouraveragecrow1.jsonl"", ""tiktok_notyouraveragecrow2.jsonl"", ""tiktok_notyouraveragecrow3.jsonl"", ""tiktok_notyouraveragecrow5.jsonl""]"
7689004542935597825,7687099158422883602,,,false,niksenjohan0,niksenjohan0,false,,,,,0,true,true,false,true,false,false,0,1,false,false,false,false,0,0.0,un,,,true,1790235892,2026-09-24 07:44:52,2026-09-24 15:44:52,popcorn_chill_here,crow,false,false,20,4,"[""tiktok_notyouraveragecrow1.jsonl"", ""tiktok_notyouraveragecrow2.jsonl"", ""tiktok_notyouraveragecrow3.jsonl"", ""tiktok_notyouraveragecrow5.jsonl""]"
7689500998964249365,7687099158422883602,,,false,gqzi.pure.ms.alifa,Alifa Akter,false,,,,,0,true,true,false,true,false,false,0,1,false,false,false,false,0,0.0,un,,,true,1790351476,2026-09-25 15:51:16,2026-09-25 23:51:16,popcorn_chill_here,crow,false,false,20,4,"[""tiktok_notyouraveragecrow1.jsonl"", ""tiktok_notyouraveragecrow2.jsonl"", ""tiktok_notyouraveragecrow3.jsonl"", ""tiktok_notyouraveragecrow5.jsonl""]"
7689806584084153118,7687099158422883602,,,false,7even_offical,SÉVÉN,false,The damn intro music,the damn intro music,the damn intro music,the damn intro music,20,false,false,false,false,false,false,1,1,false,false,false,false,3,1.3863,en,en,true,false,1790422697,2026-09-26 11:38:17,2026-09-26 19:38:17,popcorn_chill_here,crow,false,false,20,4,"[""tiktok_notyouraveragecrow1.jsonl"", ""tiktok_notyouraveragecrow2.jsonl"", ""tiktok_notyouraveragecrow3.jsonl"", ""tiktok_notyouraveragecrow5.jsonl""]"
7689988430855422741,7687099158422883602,,,false,angel.borges66,Angel Borges,false,❤️,❤️,:red_heart:,:red_heart:,0,false,false,false,true,false,false,0,1,false,false,false,false,0,0.0,un,,,true,1790464973,2026-09-26 23:22:53,2026-09-27 07:22:53,popcorn_chill_here,crow,false,false,20,4,"[""tiktok_notyouraveragecrow1.jsonl"", ""tiktok_notyouraveragecrow2.jsonl"", ""tiktok_notyouraveragecrow3.jsonl"", ""tiktok_notyouraveragecrow5.jsonl""]"
7690068090206110482,7687099158422883602,,,false,ajaxx016,syd,false,So who is leo,so who is leo,so who is leo,so who is leo,13,false,false,false,false,false,false,1,1,false,false,false,false,2,1.0986,en,en,true,false,1790483522,2026-09-27 04:32:02,2026-09-27 12:32:02,popcorn_chill_here,crow,false,false,20,4,"[""tiktok_notyouraveragecrow1.jsonl"", ""tiktok_notyouraveragecrow2.jsonl"", ""tiktok_notyouraveragecrow3.jsonl"", ""tiktok_notyouraveragecrow5.jsonl""]"
7690082040691245831,7687099158422883602,7687141706647487239,why do I love this ai video,true,aryasballoons,Team Backs,false,why,why,why,why,3,false,false,false,false,false,false,1,1,false,false,false,false,1,0.6931,en,,,true,1790486763,2026-09-27 05:26:03,2026-09-27 13:26:03,popcorn_chill_here,crow,false,false,20,4,"[""tiktok_notyouraveragecrow1.jsonl"", ""tiktok_notyouraveragecrow2.jsonl"", ""tiktok_notyouraveragecrow3.jsonl"", ""tiktok_notyouraveragecrow5.jsonl""]"
7690117878226109192,7687099158422883602,7687141706647487239,why do I love this ai video,true,etclover1,ETC LOVER,false,plss like my video everyone ,plss like my video everyone,plss like my video everyone,plss like my video everyone,27,false,false,false,false,true,false,1,5,false,false,false,false,0,0.0,en,no,false,false,1790495108,2026-09-27 07:45:08,2026-09-27 15:45:08,popcorn_chill_here,crow,false,false,20,4,"[""tiktok_notyouraveragecrow1.jsonl"", ""tiktok_notyouraveragecrow2.jsonl"", ""tiktok_notyouraveragecrow3.jsonl"", ""tiktok_notyouraveragecrow5.jsonl""]"
7690235270776865549,7687099158422883602,,,false,izzmichaong,M👁️CHA,false,,,,,0,true,true,false,true,false,false,0,1,false,false,false,false,0,0.0,un,,,true,1790522492,2026-09-27 15:21:32,2026-09-27 23:21:32,popcorn_chill_here,crow,false,false,20,4,"[""tiktok_notyouraveragecrow1.jsonl"", ""tiktok_notyouraveragecrow2.jsonl"", ""tiktok_notyouraveragecrow3.jsonl"", ""tiktok_notyouraveragecrow5.jsonl""]"
7690456142039745288,7687099158422883602,,,false,huronlunar,❤︎ saray,false,[Heartwarming][Heartwarming][Heartwarming],[heartwarming][heartwarming][heartwarming],[heartwarming][heartwarming][heartwarming],[heartwarming][heartwarming][heartwarming],42,false,false,false,false,false,false,1,1,false,false,false,false,0,0.0,en,en,true,false,1790573861,2026-09-28 05:37:41,2026-09-28 13:37:41,popcorn_chill_here,crow,false,false,20,4,"[""tiktok_notyouraveragecrow1.jsonl"", ""tiktok_notyouraveragecrow2.jsonl"", ""tiktok_notyouraveragecrow3.jsonl"", ""tiktok_notyouraveragecrow5.jsonl""]"
7690554143245337375,7687099158422883602,,,false,callmelaniorwhatever,ThatGirllani😝😝♌,false,why is this so addicting,why is this so addicting,why is this so addicting,why is this so addicting,24,false,false,false,false,false,false,1,1,false,false,false,false,4,1.6094,en,en,true,false,1790596734,2026-09-28 11:58:54,2026-09-28 19:58:54,popcorn_chill_here,crow,false,false,20,4,"[""tiktok_notyouraveragecrow1.jsonl"", ""tiktok_notyouraveragecrow2.jsonl"", ""tiktok_notyouraveragecrow3.jsonl"", ""tiktok_notyouraveragecrow5.jsonl""]"
7690736727431021332,7687099158422883602,,,false,cez361,cez,false,keren banget,keren banget,keren banget,keren banget,12,false,false,false,false,false,false,1,1,false,false,false,false,0,0.0,id,da,false,false,1790639216,2026-09-28 23:46:56,2026-09-29 07:46:56,popcorn_chill_here,crow,false,false,20,4,"[""tiktok_notyouraveragecrow1.jsonl"", ""tiktok_notyouraveragecrow2.jsonl"", ""tiktok_notyouraveragecrow3.jsonl"", ""tiktok_notyouraveragecrow5.jsonl""]"
7691398906626573070,7687099158422883602,,,false,zompangel,Luci,false,But.,but.,but.,but.,4,false,false,false,false,false,false,1,1,false,false,false,false,0,0.0,en,id,false,false,1790793410,2026-09-30 18:36:50,2026-10-01 02:36:50,popcorn_chill_here,crow,false,false,20,4,"[""tiktok_notyouraveragecrow1.jsonl"", ""tiktok_notyouraveragecrow2.jsonl"", ""tiktok_notyouraveragecrow3.jsonl"", ""tiktok_notyouraveragecrow5.jsonl""]"
7687117590568846081,7687103842520927496,,,false,nyxiehallow,nyxi lorenz🌙,false,thank youuuu,thank you,thank you,thank you,12,false,false,false,false,false,false,1,2,false,false,false,false,5,1.7918,en,en,true,false,1789796548,2026-09-19 05:42:28,2026-09-19 13:42:28,popcorn_chill_here,crow,false,false,21,1,"[""tiktok_notyouraveragecrow6.jsonl""]"
7687119597934117640,7687103842520927496,,,false,hanashigaming,༊ Hanashi,false,hahaha extra leg,hahaha extra leg,hahaha extra leg,hahaha extra leg,16,false,false,false,false,false,false,1,1,false,false,false,false,70,4.2627,en,so,false,false,1789797022,2026-09-19 05:50:22,2026-09-19 13:50:22,popcorn_chill_here,crow,false,false,21,2,"[""tiktok_notyouraveragecrow3.jsonl"", ""tiktok_notyouraveragecrow6.jsonl""]"
7687151506370003730,7687103842520927496,,,false,kzye201,kyze,false,,,,,0,true,true,false,true,false,false,0,1,false,false,false,false,0,0.0,un,,,true,1789804447,2026-09-19 07:54:07,2026-09-19 15:54:07,popcorn_chill_here,crow,false,false,21,2,"[""tiktok_notyouraveragecrow3.jsonl"", ""tiktok_notyouraveragecrow6.jsonl""]"
7687182545306108680,7687103842520927496,,,false,hail_mary8,Hale_Mary,false,,,,,0,true,true,false,true,false,false,1,2,false,false,false,false,0,0.0,un,,,true,1789811673,2026-09-19 09:54:33,2026-09-19 17:54:33,popcorn_chill_here,crow,false,false,21,2,"[""tiktok_notyouraveragecrow3.jsonl"", ""tiktok_notyouraveragecrow6.jsonl""]"
7687194566621643527,7687103842520927496,,,false,cai_flop,STEFY🪽,false,Tyyy,ty,ty,ty,4,false,false,false,false,false,false,1,1,false,false,false,false,1,0.6931,en,,,true,1789814474,2026-09-19 10:41:14,2026-09-19 18:41:14,popcorn_chill_here,crow,false,false,21,2,"[""tiktok_notyouraveragecrow3.jsonl"", ""tiktok_notyouraveragecrow6.jsonl""]"
7687202382388658965,7687103842520927496,,,false,creamy_carbonaraaaa,A 🫶🏼,false,,,,,0,true,true,false,true,false,false,0,1,false,false,false,false,0,0.0,un,,,true,1789816295,2026-09-19 11:11:35,2026-09-19 19:11:35,popcorn_chill_here,crow,false,false,21,2,"[""tiktok_notyouraveragecrow3.jsonl"", ""tiktok_notyouraveragecrow6.jsonl""]"
7687253768639595272,7687103842520927496,,,false,satrewz,Satrewz⟭⟬ ⁷,false,Has anyone told you you are the best??? ,has anyone told you you are the best???,has anyone told you you are the best???,has anyone told you you are the best???,39,false,false,true,false,false,false,1,1,false,false,false,true,2,1.0986,en,en,true,false,1789828252,2026-09-19 14:30:52,2026-09-19 22:30:52,popcorn_chill_here,crow,false,false,21,2,"[""tiktok_notyouraveragecrow3.jsonl"", ""tiktok_notyouraveragecrow6.jsonl""]"
7687256710026691349,7687103842520927496,,,false,ahof.ka,AHOF KA,false,Yeah wonder how that tree leg would be visualized in their human form haha,yeah wonder how that tree leg would be visualized in their human form haha,yeah wonder how that tree leg would be visualized in their human form haha,yeah wonder how that tree leg would be visualized in their human form haha,74,false,false,false,false,false,false,1,1,false,false,false,false,43,3.7842,en,en,true,false,1789828954,2026-09-19 14:42:34,2026-09-19 22:42:34,popcorn_chill_here,crow,false,false,21,2,"[""tiktok_notyouraveragecrow3.jsonl"", ""tiktok_notyouraveragecrow6.jsonl""]"
7687273287583433480,7687103842520927496,,,false,mjdq_0217,🌜mersi💘,false,you seriously didn't notice you had an extra leg?! ,you seriously didn't notice you had an extra leg?!,you seriously didn't notice you had an extra leg?!,you seriously didn't notice you had an extra leg?!,50,false,false,false,false,false,false,1,1,false,false,false,false,39,3.6889,en,en,true,false,1789832795,2026-09-19 15:46:35,2026-09-19 23:46:35,popcorn_chill_here,crow,false,false,21,2,"[""tiktok_notyouraveragecrow3.jsonl"", ""tiktok_notyouraveragecrow6.jsonl""]"
7687305892568859413,7687103842520927496,,,false,its_maxy3,its_maxy3,false,,,,,0,true,true,false,true,false,false,0,1,false,false,false,false,0,0.0,un,,,true,1789840400,2026-09-19 17:53:20,2026-09-20 01:53:20,popcorn_chill_here,crow,false,false,21,2,"[""tiktok_notyouraveragecrow3.jsonl"", ""tiktok_notyouraveragecrow6.jsonl""]"
7687405245442409237,7687103842520927496,,,false,kai_yiszo,kaiiii,false,this is peak,this is peak,this is peak,this is peak,12,false,false,false,false,false,false,1,1,false,false,false,false,150,5.0173,en,en,true,false,1789863554,2026-09-20 00:19:14,2026-09-20 08:19:14,popcorn_chill_here,crow,false,false,21,2,"[""tiktok_notyouraveragecrow3.jsonl"", ""tiktok_notyouraveragecrow6.jsonl""]"
7687408543637848853,7687103842520927496,,,false,aspalena23,aspalena23,false,lanjut min udah aku follow,lanjut min udah aku follow,lanjut min udah aku follow,lanjut min udah aku follow,26,false,false,false,false,false,false,1,1,false,false,false,false,0,0.0,id,id,true,false,1789864310,2026-09-20 00:31:50,2026-09-20 08:31:50,popcorn_chill_here,crow,false,false,21,2,"[""tiktok_notyouraveragecrow3.jsonl"", ""tiktok_notyouraveragecrow6.jsonl""]"
7687408590349681429,7687103842520927496,,,false,kalderetangtite,axi,false,peak series,peak series,peak series,peak series,11,false,false,false,false,false,false,1,1,false,false,false,false,0,0.0,en,af,false,false,1789864325,2026-09-20 00:32:05,2026-09-20 08:32:05,popcorn_chill_here,crow,false,false,21,2,"[""tiktok_notyouraveragecrow3.jsonl"", ""tiktok_notyouraveragecrow6.jsonl""]"
7687419413863695111,7687103842520927496,,,false,3ts.adrian,FR adrian.,false,,,,,0,true,true,false,true,false,false,0,1,false,false,false,false,0,0.0,un,,,true,1789866829,2026-09-20 01:13:49,2026-09-20 09:13:49,popcorn_chill_here,crow,false,false,21,2,"[""tiktok_notyouraveragecrow3.jsonl"", ""tiktok_notyouraveragecrow6.jsonl""]"
7687437526060958484,7687103842520927496,,,false,aryanadin74,aryanadin,false,@,@,@,@,1,false,false,false,true,false,false,0,1,false,false,false,false,0,0.0,un,,,true,1789871047,2026-09-20 02:24:07,2026-09-20 10:24:07,popcorn_chill_here,crow,false,false,21,2,"[""tiktok_notyouraveragecrow3.jsonl"", ""tiktok_notyouraveragecrow6.jsonl""]"
7687455783865811719,7687103842520927496,,,false,nuritayunia,NURITA 1,false,akhirnya dapat yg full,akhirnya dapat yg full,akhirnya dapat yg full,akhirnya dapat yg full,22,false,false,false,false,false,false,1,1,false,false,false,false,0,0.0,un,id,false,false,1789875302,2026-09-20 03:35:02,2026-09-20 11:35:02,popcorn_chill_here,crow,false,false,21,2,"[""tiktok_notyouraveragecrow3.jsonl"", ""tiktok_notyouraveragecrow6.jsonl""]"
7687457964160353044,7687103842520927496,,,false,silver_rose31,ekshaaruni,false,,,,,0,true,true,false,true,false,false,0,1,false,false,false,false,0,0.0,un,,,true,1789875803,2026-09-20 03:43:23,2026-09-20 11:43:23,popcorn_chill_here,crow,false,false,21,2,"[""tiktok_notyouraveragecrow3.jsonl"", ""tiktok_notyouraveragecrow6.jsonl""]"
7687466969629688597,7687103842520927496,,,false,ilyuluuluuu,ilyluuuuu,false,,,,,0,true,true,false,true,false,false,0,1,false,false,false,false,0,0.0,un,,,true,1789877903,2026-09-20 04:18:23,2026-09-20 12:18:23,popcorn_chill_here,crow,false,false,21,2,"[""tiktok_notyouraveragecrow3.jsonl"", ""tiktok_notyouraveragecrow6.jsonl""]"
7687499630419067668,7687103842520927496,,,false,lihfirtinie1111,BGCA❣️,false,wow... great I want more please ,wow... great i want more please,wow... great i want more please,wow... great i want more please,31,false,false,false,false,false,false,1,1,false,false,false,false,0,0.0,en,en,true,false,1789885729,2026-09-20 06:28:49,2026-09-20 14:28:49,popcorn_chill_here,crow,false,false,21,2,"[""tiktok_notyouraveragecrow3.jsonl"", ""tiktok_notyouraveragecrow6.jsonl""]"
7687508017042424583,7687103842520927496,,,false,cowboy0155,cowboy,false,[Heartwarming][Heartwarming][Heartwarming],[heartwarming][heartwarming][heartwarming],[heartwarming][heartwarming][heartwarming],[heartwarming][heartwarming][heartwarming],42,false,false,false,false,false,false,1,1,false,false,false,false,0,0.0,en,en,true,false,1789887450,2026-09-20 06:57:30,2026-09-20 14:57:30,popcorn_chill_here,crow,false,false,21,2,"[""tiktok_notyouraveragecrow3.jsonl"", ""tiktok_notyouraveragecrow6.jsonl""]"
7687510754069168904,7687103842520927496,,,false,ohoaaa,555,false,,,,,0,true,true,false,true,false,false,0,1,false,false,false,false,0,0.0,un,,,true,1789888090,2026-09-20 07:08:10,2026-09-20 15:08:10,popcorn_chill_here,crow,false,false,21,2,"[""tiktok_notyouraveragecrow3.jsonl"", ""tiktok_notyouraveragecrow6.jsonl""]"
7687541856829391633,7687103842520927496,,,false,sukamatchadsmbr,Ck🍃,false,sub indo,sub indo,sub indo,sub indo,8,false,false,false,false,false,false,1,1,false,false,false,false,0,0.0,pt,et,false,false,1789895326,2026-09-20 09:08:46,2026-09-20 17:08:46,popcorn_chill_here,crow,false,false,21,2,"[""tiktok_notyouraveragecrow3.jsonl"", ""tiktok_notyouraveragecrow6.jsonl""]"
7687548509646275336,7687103842520927496,,,false,heavenknows242,the king thamus,false,,,,,0,true,true,false,true,false,false,0,1,false,false,false,false,0,0.0,un,,,true,1789896878,2026-09-20 09:34:38,2026-09-20 17:34:38,popcorn_chill_here,crow,false,false,21,2,"[""tiktok_notyouraveragecrow3.jsonl"", ""tiktok_notyouraveragecrow6.jsonl""]"
7687556589251134229,7687103842520927496,,,false,mahiiiiirrrrrr,Hmmm,false,Jadi sebenarnya ini film manok??,jadi sebenarnya ini film manok??,jadi sebenarnya ini film manok??,jadi sebenarnya ini film manok??,32,false,false,false,false,false,false,1,1,false,false,false,false,0,0.0,id,id,true,false,1789898761,2026-09-20 10:06:01,2026-09-20 18:06:01,popcorn_chill_here,crow,false,false,21,2,"[""tiktok_notyouraveragecrow3.jsonl"", ""tiktok_notyouraveragecrow6.jsonl""]"
7687565964547965716,7687103842520927496,,,false,rikijaz1,rīkijaz,false,,,,,0,true,true,false,true,false,false,0,1,false,false,false,false,0,0.0,un,,,true,1789900942,2026-09-20 10:42:22,2026-09-20 18:42:22,popcorn_chill_here,crow,false,false,21,2,"[""tiktok_notyouraveragecrow3.jsonl"", ""tiktok_notyouraveragecrow6.jsonl""]"
7687575823461729044,7687103842520927496,,,false,syahrulmoe,lalu ku hitung 1 sampai 3,false,thx,thx,thx,thx,3,false,false,false,false,false,false,1,2,false,false,false,false,0,0.0,en,,,true,1789903243,2026-09-20 11:20:43,2026-09-20 19:20:43,popcorn_chill_here,crow,false,false,21,2,"[""tiktok_notyouraveragecrow3.jsonl"", ""tiktok_notyouraveragecrow6.jsonl""]"
7687578950969754388,7687103842520927496,,,false,onlymanja._,𝗺𝗮𝗻𝗷𝗮𝗮 ꨄ,false,P,p,p,p,1,false,false,false,true,false,false,1,1,false,false,false,false,0,0.0,it,,,true,1789903975,2026-09-20 11:32:55,2026-09-20 19:32:55,popcorn_chill_here,crow,false,false,21,2,"[""tiktok_notyouraveragecrow3.jsonl"", ""tiktok_notyouraveragecrow6.jsonl""]"
7687583380925645584,7687103842520927496,,,false,adepabambie1,adepabambie,false,next,next,next,next,4,false,false,false,false,false,false,1,1,false,false,false,false,0,0.0,en,cs,false,false,1789905148,2026-09-20 11:52:28,2026-09-20 19:52:28,popcorn_chill_here,crow,false,false,21,2,"[""tiktok_notyouraveragecrow3.jsonl"", ""tiktok_notyouraveragecrow6.jsonl""]"
7687633396252558081,7687103842520927496,7687405245442409237,this is peak,true,elaymmmm37,hayatımböyleyli,false,That's really true,that's really true,that's really true,that's really true,18,false,false,false,false,false,false,1,1,false,false,false,false,1,0.6931,en,en,true,false,1789916645,2026-09-20 15:04:05,2026-09-20 23:04:05,popcorn_chill_here,crow,false,false,21,2,"[""tiktok_notyouraveragecrow3.jsonl"", ""tiktok_notyouraveragecrow6.jsonl""]"
7687682076745057032,7687103842520927496,,,false,picaxhu_777,pikachuuuuu,false,,,,,0,true,true,false,true,false,false,0,1,false,false,false,false,0,0.0,un,,,true,1789927974,2026-09-20 18:12:54,2026-09-21 02:12:54,popcorn_chill_here,crow,false,false,21,2,"[""tiktok_notyouraveragecrow3.jsonl"", ""tiktok_notyouraveragecrow6.jsonl""]"
7687764828132623125,7687103842520927496,,,false,emsmith.24,Ems,false,Thanks for the last part,thanks for the last part,thanks for the last part,thanks for the last part,24,false,false,false,false,false,false,1,1,false,false,false,false,0,0.0,en,en,true,false,1789947275,2026-09-20 23:34:35,2026-09-21 07:34:35,popcorn_chill_here,crow,false,false,21,2,"[""tiktok_notyouraveragecrow3.jsonl"", ""tiktok_notyouraveragecrow6.jsonl""]"
7687979644036989717,7687103842520927496,,,false,zuusiti88,ZuuSiti88,false,,,,,0,true,true,false,true,false,false,0,1,false,false,false,false,0,0.0,un,,,true,1789997259,2026-09-21 13:27:39,2026-09-21 21:27:39,popcorn_chill_here,crow,false,false,21,2,"[""tiktok_notyouraveragecrow3.jsonl"", ""tiktok_notyouraveragecrow6.jsonl""]"
7688059000353112850,7687103842520927496,,,false,g666kedd,Ifw$noopy,false,@➰ @@bbeatrice tengo ni,@➰ @ tengo ni,@:curly_loop: @ tengo ni,@:curly_loop: @ tengo ni,22,false,false,false,false,false,false,1,1,true,false,false,false,0,0.0,es,tl,false,false,1790015739,2026-09-21 18:35:39,2026-09-22 02:35:39,popcorn_chill_here,crow,false,false,21,2,"[""tiktok_notyouraveragecrow3.jsonl"", ""tiktok_notyouraveragecrow6.jsonl""]"
7688093780302250772,7687103842520927496,,,false,jana05346,🇱🇰 JANA 🇦🇪,false,❤️❤️❤️,❤️❤️❤️,:red_heart::red_heart::red_heart:,:red_heart::red_heart::red_heart:,0,false,false,false,true,false,false,0,1,false,false,false,false,0,0.0,un,,,true,1790023850,2026-09-21 20:50:50,2026-09-22 04:50:50,popcorn_chill_here,crow,false,false,21,2,"[""tiktok_notyouraveragecrow3.jsonl"", ""tiktok_notyouraveragecrow6.jsonl""]"
7688734293556364038,7687103842520927496,,,false,ciki_bomm,ciki_bomm,false,,,,,0,true,true,false,true,false,false,0,1,false,false,false,false,0,0.0,un,,,true,1790172962,2026-09-23 14:16:02,2026-09-23 22:16:02,popcorn_chill_here,crow,false,false,21,2,"[""tiktok_notyouraveragecrow3.jsonl"", ""tiktok_notyouraveragecrow6.jsonl""]"
7688981513408971521,7687103842520927496,,,false,karyl0850,karyl08,false,"Wait, this is actually the END? I’d continue the chaos on Cantina.","wait, this is actually the end? i’d continue the chaos on cantina.","wait, this is actually the end? i’d continue the chaos on cantina.","wait, this is actually the end? i’d continue the chaos on cantina.",66,false,false,false,false,false,false,1,2,false,false,false,false,2,1.0986,en,en,true,false,1790230548,2026-09-24 06:15:48,2026-09-24 14:15:48,popcorn_chill_here,crow,false,false,21,2,"[""tiktok_notyouraveragecrow3.jsonl"", ""tiktok_notyouraveragecrow6.jsonl""]"
7689265772049072948,7687103842520927496,,,false,dax.amir1,Dax Amir,false,[Tears of joy],[tears of joy],[tears of joy],[tears of joy],14,false,false,false,false,false,false,1,1,false,false,false,false,0,0.0,en,en,true,false,1790296712,2026-09-25 00:38:32,2026-09-25 08:38:32,popcorn_chill_here,crow,false,false,21,2,"[""tiktok_notyouraveragecrow3.jsonl"", ""tiktok_notyouraveragecrow6.jsonl""]"
7689622354058363678,7687103842520927496,,,false,rak8577,❄️Ricardo🌨️,false,Wait why does she look like a crow if she’s a phenox,wait why does she look like a crow if she’s a phenox,wait why does she look like a crow if she’s a phenox,wait why does she look like a crow if she’s a phenox,52,false,false,false,false,false,false,1,1,false,false,false,false,15,2.7726,en,en,true,false,1790379780,2026-09-25 23:43:00,2026-09-26 07:43:00,popcorn_chill_here,crow,false,false,21,2,"[""tiktok_notyouraveragecrow3.jsonl"", ""tiktok_notyouraveragecrow6.jsonl""]"
7689818697952051976,7687103842520927496,,,false,eunoiaa_999,Y🐒,false,kan di episode sebelumnya udah tahu si emily kalau saudara-saudara nya bukan anak kandung angelina kok malah kaget di episode yang ini ,kan di episode sebelumnya udah tahu si emily kalau saudara-saudara nya bukan anak kandung angelina kok malah kaget di episode yang ini,kan di episode sebelumnya udah tahu si emily kalau saudara-saudara nya bukan anak kandung angelina kok malah kaget di episode yang ini,kan di episode sebelumnya udah tahu si emily kalau saudara-saudara nya bukan anak kandung angelina kok malah kaget di episode yang ini,134,false,false,false,false,false,false,1,1,false,false,false,false,0,0.0,id,id,true,false,1790425446,2026-09-26 12:24:06,2026-09-26 20:24:06,popcorn_chill_here,crow,false,false,21,2,"[""tiktok_notyouraveragecrow3.jsonl"", ""tiktok_notyouraveragecrow6.jsonl""]"
7689872836940628766,7687103842520927496,7689622354058363678,Wait why does she look like a crow if she’s a phenox,true,jjlofez,𝒳𝑒𝓇𝑜_𝑒𝒹𝒾𝓉𝓍,false,"She’s an abbysal phoenix, they look like crows but they control the dead, light and dark.","she’s an abbysal phoenix, they look like crows but they control the dead, light and dark.","she’s an abbysal phoenix, they look like crows but they control the dead, light and dark.","she’s an abbysal phoenix, they look like crows but they control the dead, light and dark.",89,false,false,false,false,false,false,1,1,false,false,false,false,16,2.8332,en,en,true,false,1790438065,2026-09-26 15:54:25,2026-09-26 23:54:25,popcorn_chill_here,crow,false,false,21,2,"[""tiktok_notyouraveragecrow3.jsonl"", ""tiktok_notyouraveragecrow6.jsonl""]"
7689993793353401096,7687103842520927496,,,false,ubah.username.anda,alia,false,berasa nonton disney ,berasa nonton disney,berasa nonton disney,berasa nonton disney,20,false,false,false,false,false,false,1,1,false,false,false,false,0,0.0,id,id,true,false,1790466229,2026-09-26 23:43:49,2026-09-27 07:43:49,popcorn_chill_here,crow,false,false,21,2,"[""tiktok_notyouraveragecrow3.jsonl"", ""tiktok_notyouraveragecrow6.jsonl""]"
7690034542358659846,7687103842520927496,,,false,his.foreverrr,Jack and Jill ❤️,false,The EMILY got me I’m laughing so hard,the emily got me i’m laughing so hard,the emily got me i’m laughing so hard,the emily got me i’m laughing so hard,37,false,false,false,false,false,false,1,1,false,false,false,false,0,0.0,en,en,true,false,1790475707,2026-09-27 02:21:47,2026-09-27 10:21:47,popcorn_chill_here,crow,false,false,21,2,"[""tiktok_notyouraveragecrow3.jsonl"", ""tiktok_notyouraveragecrow6.jsonl""]"
7690035340366758669,7687103842520927496,,,false,itskay2k,_Thicc_Jiggles_,false,️,️,,,0,false,false,false,true,false,false,0,1,false,false,false,false,0,0.0,un,,,true,1790475895,2026-09-27 02:24:55,2026-09-27 10:24:55,popcorn_chill_here,crow,false,false,21,2,"[""tiktok_notyouraveragecrow3.jsonl"", ""tiktok_notyouraveragecrow6.jsonl""]"
7690082867238241042,7687103842520927496,7689622354058363678,Wait why does she look like a crow if she’s a phenox,true,i3ammyofficial,I3ammy,false,cause she's just a babbyyy lol,cause she's just a babby lol,cause she's just a babby lol,cause she's just a babby lol,30,false,false,false,false,false,false,1,2,false,false,false,false,7,2.0794,en,en,true,false,1790486961,2026-09-27 05:29:21,2026-09-27 13:29:21,popcorn_chill_here,crow,false,false,21,2,"[""tiktok_notyouraveragecrow3.jsonl"", ""tiktok_notyouraveragecrow6.jsonl""]"
7690337749303984904,7687103842520927496,7689622354058363678,Wait why does she look like a crow if she’s a phenox,true,i3ammyofficial,I3ammy,false,[Tears of joy],[tears of joy],[tears of joy],[tears of joy],14,false,false,false,false,false,false,1,2,false,false,false,false,0,0.0,en,en,true,false,1790546306,2026-09-27 21:58:26,2026-09-28 05:58:26,popcorn_chill_here,crow,false,false,21,2,"[""tiktok_notyouraveragecrow3.jsonl"", ""tiktok_notyouraveragecrow6.jsonl""]"
7691020582486082312,7687103842520927496,,,false,adibae_c,adibae.c,false,Moui,moui,moui,moui,4,false,false,false,false,false,false,1,1,false,false,false,false,0,0.0,fr,fr,true,false,1790705288,2026-09-29 18:08:08,2026-09-30 02:08:08,popcorn_chill_here,crow,false,false,21,2,"[""tiktok_notyouraveragecrow3.jsonl"", ""tiktok_notyouraveragecrow6.jsonl""]"
7691036043046372117,7687103842520927496,,,false,rickyestardo0,🥰🥰Ricky 🥰🥰 single dad🤣🤣,false,,,,,0,true,true,false,true,false,false,0,1,false,false,false,false,0,0.0,un,,,true,1790708881,2026-09-29 19:08:01,2026-09-30 03:08:01,popcorn_chill_here,crow,false,false,21,2,"[""tiktok_notyouraveragecrow3.jsonl"", ""tiktok_notyouraveragecrow6.jsonl""]"
7691409007270183732,7687103842520927496,,,false,mss.libra19262015,❤️❤️jOhNSaN@1926❤️❤️,false,@,@,@,@,1,false,false,false,true,false,false,0,1,false,false,false,false,0,0.0,un,,,true,1790795731,2026-09-30 19:15:31,2026-10-01 03:15:31,popcorn_chill_here,crow,false,false,21,2,"[""tiktok_notyouraveragecrow3.jsonl"", ""tiktok_notyouraveragecrow6.jsonl""]"
7691494416385213205,7687103842520927496,7689622354058363678,Wait why does she look like a crow if she’s a phenox,true,wayodelaina,•|KhunEvee✿,false,shes still a baby bruh,shes still a baby bruh,shes still a baby bruh,shes still a baby bruh,22,false,false,false,false,false,false,1,1,false,false,false,false,0,0.0,en,en,true,false,1790815619,2026-10-01 00:46:59,2026-10-01 08:46:59,popcorn_chill_here,crow,false,false,21,2,"[""tiktok_notyouraveragecrow3.jsonl"", ""tiktok_notyouraveragecrow6.jsonl""]"
7691609247269258002,7687103842520927496,,,false,appleuser98784868,•2011• 🔥,false,❤️❤️❤️,❤️❤️❤️,:red_heart::red_heart::red_heart:,:red_heart::red_heart::red_heart:,0,false,false,false,true,false,false,0,1,false,false,false,false,0,0.0,un,,,true,1790842354,2026-10-01 08:12:34,2026-10-01 16:12:34,popcorn_chill_here,crow,false,false,21,2,"[""tiktok_notyouraveragecrow3.jsonl"", ""tiktok_notyouraveragecrow6.jsonl""]"
