video_id,url,source_video_url,author_unique_id,author_nickname,author_verified,author_followers,description,description_clean,hashtags,music_title,language_reported,create_time_epoch,posted_utc,posted_local,local_tz_label,local_utc_offset_hours,play_count,digg_count,share_count,comment_count,log1p_play_count,log1p_digg_count,has_empty_description,topic_label,topic_confidence,topic_evidence,is_off_topic,needs_series_review,scrape_seq,dup_count,seen_in,in_txt
7661120410301238544,https://www.tiktok.com/@x/video/7661120410301238544,https://www.tiktok.com/@drama.vault.tv/video/7664014964184730894,vaultreel_ca,VaultReel,false,45500,Money Reveals True Colors - Episode 11,money reveals true colors - episode 11,[],original sound - VaultReel,en,1783763798,2026-07-11 09:56:38,2026-07-11 17:56:38,Malay Peninsula Standard Time,8.0,865900,23000,194,230,13.6715,10.0433,false,apollo_short_drama,high,uploader=@vaultreel_ca,false,false,22,1,"[""tiktok_butheisapollo1.jsonl""]",true
7679524434499210516,https://www.tiktok.com/@x/video/7679524434499210516,https://www.tiktok.com/@drama.vault.tv/video/7664014964184730894,vaultofdrama,Drama Vault,false,14700,عم يبلغ عن سرقة النص ربع حشيش#مرحبا_دولة,عم يبلغ عن سرقة النص ربع حشيش#مرحبا_دولة,"[""مرحبا_دولة""]",original sound,ar,1788028626,2026-08-29 18:37:06,2026-08-30 02:37:06,Malay Peninsula Standard Time,8.0,391500,10300,6755,319,12.8777,9.24,false,apollo_short_drama,high,uploader=@vaultofdrama,false,false,22,1,"[""tiktok_butheisapollo1.jsonl""]",true
7688106667590077699,https://www.tiktok.com/@x/video/7688106667590077699,https://www.tiktok.com/@drama.vault.tv/video/7664014964184730894,tessvault,Tess story vault,false,192000,THE EVIL STEPMOTHER / SHE SAVED A PRINCE FROM DROWNING… BUT HER EVIL STEPMOTHER WANTED HER DEAD #theevilstepmother #africanstory #africandrama #storytime #dramastory,the evil stepmother / she saved a prince from drowning… but her evil stepmother wanted her dead #theevilstepmother #africanstory #africandrama #storytime #dramastory,"[""theevilstepmother"", ""africanstory"", ""africandrama"", ""storytime"", ""dramastory""]",original sound,en,1790026836,2026-09-21 21:40:36,2026-09-22 05:40:36,Malay Peninsula Standard Time,8.0,247500,21600,783,980,12.4192,9.9805,false,apollo_short_drama,high,uploader=@tessvault,false,false,22,1,"[""tiktok_butheisapollo1.jsonl""]",true
7650689188899065108,https://www.tiktok.com/@x/video/7650689188899065108,https://www.tiktok.com/@drama.vault.tv/video/7664008142623231245,dramavault14,dramavault14,false,107600,Real love pt2  ✅ Part 3 is on @dramavault_official ✅ More AI drama episodes are available on my second page. #nollywood #nigerianstory #africanstorytelling #emotionalstory #TikTokStories,real love pt2 ✅ part 3 is on ✅ more ai drama episodes are available on my second page. #nollywood #nigerianstory #africanstorytelling #emotionalstory #tiktokstories,"[""nollywood"", ""nigerianstory"", ""africanstorytelling"", ""emotionalstory"", ""tiktokstories""]",original sound,en,1781314899,2026-06-13 01:41:39,2026-06-13 09:41:39,Malay Peninsula Standard Time,8.0,163100,5473,145,70,12.0021,8.6078,false,apollo_short_drama,high,uploader=@dramavault14,false,false,23,1,"[""tiktok_butheisapollo2.jsonl""]",true
7664259571082464525,https://www.tiktok.com/@x/video/7664259571082464525,https://www.tiktok.com/@drama.vault.tv/video/7664008142623231245,drama.vault.tv,Drama Vault 🎬,false,35600," Episode 17/48 | Swapped to a Beggar But He is Apollo ✨ Tricked into marrying a poor wandering bard, Irene has no idea her new husband is actually Apollo, the God of Light, hiding in mortal form. As her cruel family pushes her to the breaking point, Apollo’s divine wrath is about to change everything… ⚡ ❤️ Follow for the next episode!  Start from Episode 1 on my profile. #SwappedToABeggarButHeIsApollo #MiniDrama #DramaTok #Romance #FYP","episode 17/48 | swapped to a beggar but he is apollo ✨ tricked into marrying a poor wandering bard, irene has no idea her new husband is actually apollo, the god of light, hiding in mortal form. as her cruel family pushes her to the breaking point, apollo’s divine wrath is about to change everything… ⚡ ❤️ follow for the next episode! start from episode 1 on my profile. #swappedtoabeggarbutheisapollo #minidrama #dramatok #romance #fyp","[""swappedtoabeggarbutheisapollo"", ""minidrama"", ""dramatok"", ""romance"", ""fyp""]",original sound - Drama Vault,en,1784620800,2026-07-21 08:00:00,2026-07-21 16:00:00,Malay Peninsula Standard Time,8.0,482100,9555,322,60,13.0859,9.1649,false,apollo_short_drama,high,uploader=@drama.vault.tv,false,false,23,1,"[""tiktok_butheisapollo2.jsonl""]",true
7668717989058972942,https://www.tiktok.com/@x/video/7668717989058972942,https://www.tiktok.com/@drama.vault.tv/video/7664008142623231245,drama.vault.tv,Drama Vault 🎬,false,35600," Episode 40/58 | The Veteran’s Promise  After a young girl calls the number her late father left behind, a Marine veteran answers without hesitation. But when a powerful enemy threatens her family, they soon realize they picked the wrong soldier’s family to mess with…  ❤️ Follow for the next episode!  Start from Episode 1 on my profile. #TheVeteransPromise #MiniDrama #DramaTok #Military #FYP","episode 40/58 | the veteran’s promise after a young girl calls the number her late father left behind, a marine veteran answers without hesitation. but when a powerful enemy threatens her family, they soon realize they picked the wrong soldier’s family to mess with… ❤️ follow for the next episode! start from episode 1 on my profile. #theveteranspromise #minidrama #dramatok #military #fyp","[""theveteranspromise"", ""minidrama"", ""dramatok"", ""military"", ""fyp""]",original sound - Drama Vault 🎬,en,1785524400,2026-07-31 19:00:00,2026-08-01 03:00:00,Malay Peninsula Standard Time,8.0,161000,12100,114,92,11.9892,9.401,false,apollo_short_drama,high,uploader=@drama.vault.tv,false,false,23,1,"[""tiktok_butheisapollo2.jsonl""]",true
7668908610935622926,https://www.tiktok.com/@x/video/7668908610935622926,https://www.tiktok.com/@drama.vault.tv/video/7664008142623231245,drama.vault.tv,Drama Vault 🎬,false,35600," Episode 54/58 | The Veteran’s Promise  After a young girl calls the number her late father left behind, a Marine veteran answers without hesitation. But when a powerful enemy threatens her family, they soon realize they picked the wrong soldier’s family to mess with…  ❤️ Follow for the next episode!  Start from Episode 1 on my profile. #TheVeteransPromise #MiniDrama #DramaTok #Military #FYP","episode 54/58 | the veteran’s promise after a young girl calls the number her late father left behind, a marine veteran answers without hesitation. but when a powerful enemy threatens her family, they soon realize they picked the wrong soldier’s family to mess with… ❤️ follow for the next episode! start from episode 1 on my profile. #theveteranspromise #minidrama #dramatok #military #fyp","[""theveteranspromise"", ""minidrama"", ""dramatok"", ""military"", ""fyp""]",original sound - Drama Vault 🎬,en,1785574800,2026-08-01 09:00:00,2026-08-01 17:00:00,Malay Peninsula Standard Time,8.0,196800,10500,143,94,12.1899,9.2592,false,apollo_short_drama,high,uploader=@drama.vault.tv,false,false,23,1,"[""tiktok_butheisapollo2.jsonl""]",true
7668909026901560589,https://www.tiktok.com/@x/video/7668909026901560589,https://www.tiktok.com/@drama.vault.tv/video/7664008142623231245,drama.vault.tv,Drama Vault 🎬,false,35600," Episode 55/58 | The Veteran’s Promise  After a young girl calls the number her late father left behind, a Marine veteran answers without hesitation. But when a powerful enemy threatens her family, they soon realize they picked the wrong soldier’s family to mess with…  ❤️ Follow for the next episode!  Start from Episode 1 on my profile. #TheVeteransPromise #MiniDrama #DramaTok #Military #FYP","episode 55/58 | the veteran’s promise after a young girl calls the number her late father left behind, a marine veteran answers without hesitation. but when a powerful enemy threatens her family, they soon realize they picked the wrong soldier’s family to mess with… ❤️ follow for the next episode! start from episode 1 on my profile. #theveteranspromise #minidrama #dramatok #military #fyp","[""theveteranspromise"", ""minidrama"", ""dramatok"", ""military"", ""fyp""]",original sound - Drama Vault 🎬,en,1785578400,2026-08-01 10:00:00,2026-08-01 18:00:00,Malay Peninsula Standard Time,8.0,124200,5607,60,47,11.7297,8.6319,false,apollo_short_drama,high,uploader=@drama.vault.tv,false,false,23,1,"[""tiktok_butheisapollo2.jsonl""]",true
7672171160280354061,https://www.tiktok.com/@x/video/7672171160280354061,https://www.tiktok.com/@drama.vault.tv/video/7664008142623231245,drama.vault.tv,Drama Vault 🎬,false,35600," Episode 9/50 | The Hidden Queen: My Husband’s Mistress Ruined My Empire  A hidden heiress of the Sinclair family secretly builds her husband into a luxury tycoon—until his affair with a restaurant manager and a shocking electro-eel attack expose his betrayal. Done hiding who she really is, she reveals her true identity and sets out to destroy the empire she built for him.  ❤️ Follow for the next episode!  Start from Episode 1 on my profile. #TheHiddenQueen #MiniDrama #DramaTok #Karma #FYP","episode 9/50 | the hidden queen: my husband’s mistress ruined my empire a hidden heiress of the sinclair family secretly builds her husband into a luxury tycoon—until his affair with a restaurant manager and a shocking electro-eel attack expose his betrayal. done hiding who she really is, she reveals her true identity and sets out to destroy the empire she built for him. ❤️ follow for the next episode! start from episode 1 on my profile. #thehiddenqueen #minidrama #dramatok #karma #fyp","[""thehiddenqueen"", ""minidrama"", ""dramatok"", ""karma"", ""fyp""]",original sound - Drama Vault 🎬,en,1786330800,2026-08-10 03:00:00,2026-08-10 11:00:00,Malay Peninsula Standard Time,8.0,409500,6277,353,26,12.9227,8.7448,false,apollo_short_drama,high,uploader=@drama.vault.tv,false,false,23,1,"[""tiktok_butheisapollo2.jsonl""]",true
7672770828097850637,https://www.tiktok.com/@x/video/7672770828097850637,https://www.tiktok.com/@drama.vault.tv/video/7664008142623231245,drama.vault.tv,Drama Vault 🎬,false,35600," Episode 28/50 | The Hidden Queen: My Husband’s Mistress Ruined My Empire  A hidden heiress of the Sinclair family secretly builds her husband into a luxury tycoon—until his affair with a restaurant manager and a shocking electro-eel attack expose his betrayal. Done hiding who she really is, she reveals her true identity and sets out to destroy the empire she built for him.  ❤️ Follow for the next episode!  Start from Episode 1 on my profile. #TheHiddenQueen #MiniDrama #DramaTok #Karma #FYP","episode 28/50 | the hidden queen: my husband’s mistress ruined my empire a hidden heiress of the sinclair family secretly builds her husband into a luxury tycoon—until his affair with a restaurant manager and a shocking electro-eel attack expose his betrayal. done hiding who she really is, she reveals her true identity and sets out to destroy the empire she built for him. ❤️ follow for the next episode! start from episode 1 on my profile. #thehiddenqueen #minidrama #dramatok #karma #fyp","[""thehiddenqueen"", ""minidrama"", ""dramatok"", ""karma"", ""fyp""]",original sound - Drama Vault 🎬,en,1786458600,2026-08-11 14:30:00,2026-08-11 22:30:00,Malay Peninsula Standard Time,8.0,683800,7547,300,77,13.4354,8.929,false,apollo_short_drama,high,uploader=@drama.vault.tv,false,false,23,1,"[""tiktok_butheisapollo2.jsonl""]",true
7684001750184906001,https://www.tiktok.com/@x/video/7684001750184906001,https://www.tiktok.com/@drama.vault.tv/video/7664017062594956557,tale.vault_1_id,Tale.Vault_1,false,17600,Episode 1,episode 1,[],original sound - Tale.Vault_1,en,1789071094,2026-09-10 20:11:34,2026-09-11 04:11:34,Malay Peninsula Standard Time,8.0,1700000,19900,691,102,14.3461,9.8985,false,apollo_short_drama,high,uploader=@tale.vault_1_id,false,false,24,1,"[""tiktok_butheisapollo3.jsonl""]",true
7685702923858267412,https://www.tiktok.com/@x/video/7685702923858267412,https://www.tiktok.com/@drama.vault.tv/video/7664017062594956557,vaultofdrama,Drama Vault,false,14700,لأمك الحمار #مرحبا_دولة,لأمك الحمار #مرحبا_دولة,"[""مرحبا_دولة""]",original sound,ar,1789467166,2026-09-15 10:12:46,2026-09-15 18:12:46,Malay Peninsula Standard Time,8.0,1300000,39300,7669,440,14.0779,10.579,false,apollo_short_drama,high,uploader=@vaultofdrama,false,false,24,2,"[""tiktok_butheisapollo1.jsonl"", ""tiktok_butheisapollo3.jsonl""]",true
7671979548803648784,https://www.tiktok.com/@x/video/7671979548803648784,https://www.tiktok.com/@drama.vault.tv/video/7664032136906788110,tale.vault_1_ca,Tale.Vault_1,false,21200,Reversing a Swapped Destiny,reversing a swapped destiny,[],original sound - Tale.Vault_1,en,1786274032,2026-08-09 11:13:52,2026-08-09 19:13:52,Malay Peninsula Standard Time,8.0,2000000,20400,848,61,14.5087,9.9233,false,apollo_short_drama,high,uploader=@tale.vault_1_ca,false,false,25,1,"[""tiktok_butheisapollo4.jsonl""]",true
7684935555481718037,https://www.tiktok.com/@x/video/7684935555481718037,https://www.tiktok.com/@drama.vault.tv/video/7664032402313940238,dramavault_eg,dramavault_eg,false,5744,البطل السحري يصبح حاكماً بعد الزواج,البطل السحري يصبح حاكماً بعد الزواج,[],原声 - dramavault_eg,ar,1789288499,2026-09-13 08:34:59,2026-09-13 16:34:59,Malay Peninsula Standard Time,8.0,65500,1684,253,9,11.0898,7.4295,false,apollo_short_drama,high,uploader=@dramavault_eg,false,false,26,1,"[""tiktok_butheisapollo5.jsonl""]",true
7687045685568376085,https://www.tiktok.com/@x/video/7687045685568376085,https://www.tiktok.com/@drama.vault.tv/video/7664032402313940238,dramavault_eg,dramavault_eg,false,5744,الحلقة 20,الحلقة 20,[],原声 - dramavault_eg,ar,1789779842,2026-09-19 01:04:02,2026-09-19 09:04:02,Malay Peninsula Standard Time,8.0,8272,89,1,0,9.0208,4.4998,false,apollo_short_drama,high,uploader=@dramavault_eg,false,false,26,1,"[""tiktok_butheisapollo5.jsonl""]",true
7687419878239735060,https://www.tiktok.com/@x/video/7687419878239735060,https://www.tiktok.com/@drama.vault.tv/video/7664032402313940238,dramavault_eg,dramavault_eg,false,5744,انتقام الملكة المظلومة,انتقام الملكة المظلومة,[],原声 - dramavault_eg,ar,1789866925,2026-09-20 01:15:25,2026-09-20 09:15:25,Malay Peninsula Standard Time,8.0,2058,36,5,0,7.63,3.6109,false,apollo_short_drama,high,uploader=@dramavault_eg,false,false,26,1,"[""tiktok_butheisapollo5.jsonl""]",true
7688639051150216468,https://www.tiktok.com/@x/video/7688639051150216468,https://www.tiktok.com/@drama.vault.tv/video/7664032402313940238,dramavault_eg,dramavault_eg,false,5744,الحلقة 17,الحلقة 17,[],原声 - dramavault_eg,ar,1790150825,2026-09-23 08:07:05,2026-09-23 16:07:05,Malay Peninsula Standard Time,8.0,10700,258,2,0,9.2781,5.5568,false,apollo_short_drama,high,uploader=@dramavault_eg,false,false,26,1,"[""tiktok_butheisapollo5.jsonl""]",true
7690454475164699912,https://www.tiktok.com/@x/video/7690454475164699912,https://www.tiktok.com/@drama.vault.tv/video/7664032402313940238,dramavault_eg,dramavault_eg,false,5744,ندم هيلين بعد خسارة الحبيب المظلوم,ندم هيلين بعد خسارة الحبيب المظلوم,[],原声 - dramavault_eg,ar,1790573477,2026-09-28 05:31:17,2026-09-28 13:31:17,Malay Peninsula Standard Time,8.0,1768,32,1,0,7.4782,3.4965,false,apollo_short_drama,high,uploader=@dramavault_eg,false,false,26,1,"[""tiktok_butheisapollo5.jsonl""]",true
7690542998211415314,https://www.tiktok.com/@x/video/7690542998211415314,https://www.tiktok.com/@drama.vault.tv/video/7664032402313940238,dramavault_eg,dramavault_eg,false,5744,الابن المتبنى المظلوم وخيانة خطيبته,الابن المتبنى المظلوم وخيانة خطيبته,[],原声 - dramavault_eg,ar,1790594084,2026-09-28 11:14:44,2026-09-28 19:14:44,Malay Peninsula Standard Time,8.0,1600,24,3,0,7.3784,3.2189,false,apollo_short_drama,high,uploader=@dramavault_eg,false,false,26,1,"[""tiktok_butheisapollo5.jsonl""]",true
7690555624987299092,https://www.tiktok.com/@x/video/7690555624987299092,https://www.tiktok.com/@drama.vault.tv/video/7664032402313940238,dramavault_eg,dramavault_eg,false,5744,الحلقة 9,الحلقة 9,[],原声 - dramavault_eg,ar,1790597058,2026-09-28 12:04:18,2026-09-28 20:04:18,Malay Peninsula Standard Time,8.0,677,16,0,0,6.5191,2.8332,false,apollo_short_drama,high,uploader=@dramavault_eg,false,false,26,1,"[""tiktok_butheisapollo5.jsonl""]",true
7690588541117631762,https://www.tiktok.com/@x/video/7690588541117631762,https://www.tiktok.com/@drama.vault.tv/video/7664032402313940238,dramavault_eg,dramavault_eg,false,5744,الحلقة 41,الحلقة 41,[],原声 - dramavault_eg,ar,1790604735,2026-09-28 14:12:15,2026-09-28 22:12:15,Malay Peninsula Standard Time,8.0,7230,106,2,1,8.8861,4.6728,false,apollo_short_drama,high,uploader=@dramavault_eg,false,false,26,1,"[""tiktok_butheisapollo5.jsonl""]",true
7691015828010962183,https://www.tiktok.com/@x/video/7691015828010962183,https://www.tiktok.com/@drama.vault.tv/video/7664032402313940238,dramavault_eg,dramavault_eg,false,5744,ندم هيلين بعد خسارة الحبيب المظلوم,ندم هيلين بعد خسارة الحبيب المظلوم,[],原声 - dramavault_eg,ar,1790704173,2026-09-29 17:49:33,2026-09-30 01:49:33,Malay Peninsula Standard Time,8.0,1874,27,0,0,7.5364,3.3322,false,apollo_short_drama,high,uploader=@dramavault_eg,false,false,26,1,"[""tiktok_butheisapollo5.jsonl""]",true
7691242147521105159,https://www.tiktok.com/@x/video/7691242147521105159,https://www.tiktok.com/@drama.vault.tv/video/7664032402313940238,dramavault_eg,dramavault_eg,false,5744,٣٠,٣٠,[],原声 - dramavault_eg,un,1790756906,2026-09-30 08:28:26,2026-09-30 16:28:26,Malay Peninsula Standard Time,8.0,2591,34,2,0,7.8602,3.5553,false,apollo_short_drama,high,uploader=@dramavault_eg,false,false,26,1,"[""tiktok_butheisapollo5.jsonl""]",true
7649435467372432654,https://www.tiktok.com/@x/video/7649435467372432654,https://www.tiktok.com/@drama.vault.tv/video/7664038231213657358,drama.vault4,Drama Vault,false,69400,Betrayed and Left for Dead by His Commander,betrayed and left for dead by his commander,[],original sound - Drama Vault,en,1781023017,2026-06-09 16:36:57,2026-06-10 00:36:57,Malay Peninsula Standard Time,8.0,316700,6919,108,14,12.6657,8.8422,false,apollo_short_drama,high,uploader=@drama.vault4,false,false,27,1,"[""tiktok_butheisapollo6.jsonl""]",true
7653860933533519135,https://www.tiktok.com/@x/video/7653860933533519135,https://www.tiktok.com/@drama.vault.tv/video/7664038231213657358,boothsdramavault,Booth’s Drama Vault,false,16400,"Replying to @sexynikky94 Themis C-Drama, The substitute consort’s revenge, is right here on TikTok! C-drama title the substitute consorts to revenge:  @KineDrop_Center    #cdramarecommendations #revengedrama #dramarecommendations #cdramas #verticalshorts","replying to themis c-drama, the substitute consort’s revenge, is right here on tiktok! c-drama title the substitute consorts to revenge: #cdramarecommendations #revengedrama #dramarecommendations #cdramas #verticalshorts","[""@kinedrop_center"", ""cdramarecommendations"", ""revengedrama"", ""dramarecommendations"", ""cdramas"", ""verticalshorts""]",original sound,en,1782053396,2026-06-21 14:49:56,2026-06-21 22:49:56,Malay Peninsula Standard Time,8.0,308300,7915,218,187,12.6388,8.9766,false,apollo_short_drama,high,uploader=@boothsdramavault,false,false,27,1,"[""tiktok_butheisapollo6.jsonl""]",true
7671811930364890388,https://www.tiktok.com/@x/video/7671811930364890388,https://www.tiktok.com/@drama.vault.tv/video/7664038231213657358,tale.vault_1_ca,Tale.Vault_1,false,21200,Belated Inner Voices,belated inner voices,[],original sound - Tale.Vault_1,en,1786248230,2026-08-09 04:03:50,2026-08-09 12:03:50,Malay Peninsula Standard Time,8.0,436400,7995,474,45,12.9863,8.9867,false,apollo_short_drama,high,uploader=@tale.vault_1_ca,false,false,27,1,"[""tiktok_butheisapollo6.jsonl""]",true
7671979463369837841,https://www.tiktok.com/@x/video/7671979463369837841,https://www.tiktok.com/@drama.vault.tv/video/7664038231213657358,tale.vault_1_ca,Tale.Vault_1,false,21200,Jingyue Defies Fate,jingyue defies fate,[],original sound - Tale.Vault_1,en,1786274305,2026-08-09 11:18:25,2026-08-09 19:18:25,Malay Peninsula Standard Time,8.0,296800,6251,387,16,12.6008,8.7407,false,apollo_short_drama,high,uploader=@tale.vault_1_ca,false,false,27,1,"[""tiktok_butheisapollo6.jsonl""]",true
7680134886883134740,https://www.tiktok.com/@x/video/7680134886883134740,https://www.tiktok.com/@drama.vault.tv/video/7664038231213657358,vaultofdrama,Drama Vault,false,14700,انا مقابر ما بنبش #مرحبا_دولة,انا مقابر ما بنبش #مرحبا_دولة,"[""مرحبا_دولة""]",original sound,ar,1788170756,2026-08-31 10:05:56,2026-08-31 18:05:56,Malay Peninsula Standard Time,8.0,1300000,45200,5287,531,14.0779,10.7189,false,apollo_short_drama,high,uploader=@vaultofdrama,false,false,27,1,"[""tiktok_butheisapollo6.jsonl""]",true
7680666718624025886,https://www.tiktok.com/@x/video/7680666718624025886,https://www.tiktok.com/@drama.vault.tv/video/7664038231213657358,sndba02,Drama Volt tv,false,3326,The saving day part1   #tiktokgrowthchallenge   #creatorsearchinsights #newaccountvideoideas,the saving day part1 #tiktokgrowthchallenge #creatorsearchinsights #newaccountvideoideas,"[""tiktokgrowthchallenge"", ""creatorsearchinsights"", ""newaccountvideoideas""]",original sound,en,1788294598,2026-09-01 20:29:58,2026-09-02 04:29:58,Malay Peninsula Standard Time,8.0,181000,6032,71,55,12.1063,8.705,false,apollo_short_drama,high,uploader=@sndba02,false,false,27,1,"[""tiktok_butheisapollo6.jsonl""]",true
7686817252997434645,https://www.tiktok.com/@x/video/7686817252997434645,https://www.tiktok.com/@drama.vault.tv/video/7664038231213657358,vaultofdrama,Drama Vault,false,14700,لبرا بيت الرب #مرحبا_دولة,لبرا بيت الرب #مرحبا_دولة,"[""مرحبا_دولة""]",original sound,ar,1789726614,2026-09-18 10:16:54,2026-09-18 18:16:54,Malay Peninsula Standard Time,8.0,331800,8344,2021,182,12.7123,9.0294,false,apollo_short_drama,high,uploader=@vaultofdrama,false,false,27,1,"[""tiktok_butheisapollo6.jsonl""]",true
7683484844856266005,https://www.tiktok.com/@x/video/7683484844856266005,https://www.tiktok.com/@drama.vault.tv/video/7664228385664650509,vaultofdrama,Drama Vault,false,14700,الريس عم يحقق بسرقة اثار #مرحبا_دولة,الريس عم يحقق بسرقة اثار #مرحبا_دولة,"[""مرحبا_دولة""]",original sound,ar,1788950729,2026-09-09 10:45:29,2026-09-09 18:45:29,Malay Peninsula Standard Time,8.0,385100,13000,2463,190,12.8613,9.4728,false,apollo_short_drama,high,uploader=@vaultofdrama,false,false,29,3,"[""tiktok_butheisapollo1.jsonl"", ""tiktok_butheisapollo3.jsonl"", ""tiktok_butheisapollo8.jsonl""]",true
7672793087822810382,https://www.tiktok.com/@x/video/7672793087822810382,https://www.tiktok.com/@drama.vault.tv/video/7664243306385149198,drama.vault.tv,Drama Vault 🎬,false,35600," Episode 37/50 | The Hidden Queen: My Husband’s Mistress Ruined My Empire  A hidden heiress of the Sinclair family secretly builds her husband into a luxury tycoon—until his affair with a restaurant manager and a shocking electro-eel attack expose his betrayal. Done hiding who she really is, she reveals her true identity and sets out to destroy the empire she built for him.  ❤️ Follow for the next episode!  Start from Episode 1 on my profile. #TheHiddenQueen #MiniDrama #DramaTok #Karma #FYP","episode 37/50 | the hidden queen: my husband’s mistress ruined my empire a hidden heiress of the sinclair family secretly builds her husband into a luxury tycoon—until his affair with a restaurant manager and a shocking electro-eel attack expose his betrayal. done hiding who she really is, she reveals her true identity and sets out to destroy the empire she built for him. ❤️ follow for the next episode! start from episode 1 on my profile. #thehiddenqueen #minidrama #dramatok #karma #fyp","[""thehiddenqueen"", ""minidrama"", ""dramatok"", ""karma"", ""fyp""]",original sound - Drama Vault 🎬,en,1786474800,2026-08-11 19:00:00,2026-08-12 03:00:00,Malay Peninsula Standard Time,8.0,626600,15200,198,121,13.3481,9.6291,false,apollo_short_drama,high,uploader=@drama.vault.tv,false,false,31,6,"[""tiktok_butheisapollo10.jsonl"", ""tiktok_butheisapollo2.jsonl"", ""tiktok_butheisapollo4.jsonl"", ""tiktok_butheisapollo6.jsonl"", ""tiktok_butheisapollo8.jsonl"", ""tiktok_butheisapollo9.jsonl""]",true
7674678278162025750,https://www.tiktok.com/@x/video/7674678278162025750,https://www.tiktok.com/@drama.vault.tv/video/7664243347028053261,narravault.storie,Narravault stories,false,321800,She gave him her life savings and they took an oath. DENIED BY HIM. CHOSEN BY A STRANGER Ep 1 #Tiktokseries  #Dramaseries  #storytime  #story  #FYP,she gave him her life savings and they took an oath. denied by him. chosen by a stranger ep 1 #tiktokseries #dramaseries #storytime #story #fyp,"[""tiktokseries"", ""dramaseries"", ""storytime"", ""story"", ""fyp""]",original sound,en,1786900290,2026-08-16 17:11:30,2026-08-17 01:11:30,Malay Peninsula Standard Time,8.0,2600000,361000,6532,4601,14.771,12.7966,false,apollo_short_drama,high,uploader=@narravault.storie,false,false,32,5,"[""tiktok_butheisapollo1.jsonl"", ""tiktok_butheisapollo10.jsonl"", ""tiktok_butheisapollo11.jsonl"", ""tiktok_butheisapollo4.jsonl"", ""tiktok_butheisapollo8.jsonl""]",true
7677740875966876950,https://www.tiktok.com/@x/video/7677740875966876950,https://www.tiktok.com/@drama.vault.tv/video/7664243347028053261,narravault.storie,Narravault stories,false,321800,Denied By Him Chosen By A Stranger Episode 5 #Tiktokseries  #Dramaseries  #storytime  #Uktiktok #story,denied by him chosen by a stranger episode 5 #tiktokseries #dramaseries #storytime #uktiktok #story,"[""tiktokseries"", ""dramaseries"", ""storytime"", ""uktiktok"", ""story""]",original sound,en,1787613363,2026-08-24 23:16:03,2026-08-25 07:16:03,Malay Peninsula Standard Time,8.0,664800,105700,1513,1759,13.4072,11.5684,false,apollo_short_drama,high,uploader=@narravault.storie,false,false,32,5,"[""tiktok_butheisapollo10.jsonl"", ""tiktok_butheisapollo11.jsonl"", ""tiktok_butheisapollo3.jsonl"", ""tiktok_butheisapollo4.jsonl"", ""tiktok_butheisapollo8.jsonl""]",true
7637599786090204424,https://www.tiktok.com/@x/video/7637599786090204424,https://www.tiktok.com/@drama.vault.tv/video/7664247555907210509,storyvault.africa,SVA. ORIGINALS,false,130800,"Beautiful Pawn: The Return (Episode 12)  Caption: She left in silence… Now she’s back with power, respect, and a crown no one can take from her. ✨ The same people who doubted Zara are now watching her rise. But not everyone is happy about her return…  Episode 12 is finally here. “The Return” changes everything. Watch now and tell us: Do you think Zara came back for peace… or revenge?  #BeautifulPawn #TheReturn #Episode12 #StoryVaultAfrica #AfricanDrama","beautiful pawn: the return (episode 12) caption: she left in silence… now she’s back with power, respect, and a crown no one can take from her. ✨ the same people who doubted zara are now watching her rise. but not everyone is happy about her return… episode 12 is finally here. “the return” changes everything. watch now and tell us: do you think zara came back for peace… or revenge? #beautifulpawn #thereturn #episode12 #storyvaultafrica #africandrama","[""beautifulpawn"", ""thereturn"", ""episode12"", ""storyvaultafrica"", ""africandrama""]",original sound,en,1778267282,2026-05-08 19:08:02,2026-05-09 03:08:02,Malay Peninsula Standard Time,8.0,154500,14400,221,178,11.948,9.5751,false,apollo_short_drama,high,uploader=@storyvault.africa,false,false,34,5,"[""tiktok_butheisapollo1.jsonl"", ""tiktok_butheisapollo13.jsonl"", ""tiktok_butheisapollo7.jsonl"", ""tiktok_butheisapollo8.jsonl"", ""tiktok_butheisapollo9.jsonl""]",true
7631609869396643103,https://www.tiktok.com/@x/video/7631609869396643103,https://www.tiktok.com/@drama.vault.tv/video/7664251475094293773,peakcomedyy_,Peak Comedy,false,27300,A poor girl was about to be thrown out of the house.. #storytime #familydrama #plottwist #billionaire #touchingstory,a poor girl was about to be thrown out of the house.. #storytime #familydrama #plottwist #billionaire #touchingstory,"[""storytime"", ""familydrama"", ""plottwist"", ""billionaire"", ""touchingstory""]",original sound,en,1776872651,2026-04-22 15:44:11,2026-04-22 23:44:11,Malay Peninsula Standard Time,8.0,236900,12000,449,4095,12.3754,9.3927,false,apollo_short_drama,high,uploader=@peakcomedyy_,false,false,36,3,"[""tiktok_butheisapollo11.jsonl"", ""tiktok_butheisapollo15.jsonl"", ""tiktok_butheisapollo7.jsonl""]",true
7635885800634289438,https://www.tiktok.com/@x/video/7635885800634289438,https://www.tiktok.com/@drama.vault.tv/video/7664251475094293773,dramavaul01,Drama Vault,false,9201,The Setup Failed Completely  #police #movie #cops #USA,the setup failed completely #police #movie #cops #usa,"[""police"", ""movie"", ""cops"", ""usa""]",original sound - Drama Vault,en,1777868226,2026-05-04 04:17:06,2026-05-04 12:17:06,Malay Peninsula Standard Time,8.0,2400000,60300,1276,480,14.691,11.0071,false,apollo_short_drama,high,uploader=@dramavaul01,false,false,36,9,"[""tiktok_butheisapollo10.jsonl"", ""tiktok_butheisapollo11.jsonl"", ""tiktok_butheisapollo12.jsonl"", ""tiktok_butheisapollo13.jsonl"", ""tiktok_butheisapollo14.jsonl"", ""tiktok_butheisapollo15.jsonl"", ""tiktok_butheisapollo4.jsonl"", ""tiktok_butheisapollo7.jsonl"", ""tiktok_butheisapollo9.jsonl""]",true
7646918295588850964,https://www.tiktok.com/@x/video/7646918295588850964,https://www.tiktok.com/@drama.vault.tv/video/7664251475094293773,dramavault14,dramavault14,false,107600,She almost looked down on him Wait for the ending  #NigerianStory #AfricanStories #EmotionalStory #Nollywood #TikTokSeries     ”,she almost looked down on him wait for the ending #nigerianstory #africanstories #emotionalstory #nollywood #tiktokseries ”,"[""nigerianstory"", ""africanstories"", ""emotionalstory"", ""nollywood"", ""tiktokseries""]",original sound,en,1780436923,2026-06-02 21:48:43,2026-06-03 05:48:43,Malay Peninsula Standard Time,8.0,2500000,286000,5809,2404,14.7318,12.5638,false,apollo_short_drama,high,uploader=@dramavault14,false,false,36,7,"[""tiktok_butheisapollo1.jsonl"", ""tiktok_butheisapollo11.jsonl"", ""tiktok_butheisapollo12.jsonl"", ""tiktok_butheisapollo13.jsonl"", ""tiktok_butheisapollo14.jsonl"", ""tiktok_butheisapollo15.jsonl"", ""tiktok_butheisapollo9.jsonl""]",true
7647046547762367764,https://www.tiktok.com/@x/video/7647046547762367764,https://www.tiktok.com/@drama.vault.tv/video/7664251475094293773,dramavault14,dramavault14,false,107600,She almost looked down on him pt2 wait till the ending  #NigerianStory #AfricanStories #EmotionalStory #Nollywood #TiktokSeries,she almost looked down on him pt2 wait till the ending #nigerianstory #africanstories #emotionalstory #nollywood #tiktokseries,"[""nigerianstory"", ""africanstories"", ""emotionalstory"", ""nollywood"", ""tiktokseries""]",original sound,en,1780466778,2026-06-03 06:06:18,2026-06-03 14:06:18,Malay Peninsula Standard Time,8.0,567900,61300,709,614,13.2497,11.0236,false,apollo_short_drama,high,uploader=@dramavault14,false,false,36,13,"[""tiktok_butheisapollo1.jsonl"", ""tiktok_butheisapollo10.jsonl"", ""tiktok_butheisapollo11.jsonl"", ""tiktok_butheisapollo12.jsonl"", ""tiktok_butheisapollo13.jsonl"", ""tiktok_butheisapollo14.jsonl"", ""tiktok_butheisapollo15.jsonl"", ""tiktok_butheisapollo3.jsonl"", ""tiktok_butheisapollo4.jsonl"", ""tiktok_butheisapollo6.jsonl"", ""tiktok_butheisapollo7.jsonl"", ""tiktok_butheisapollo8.jsonl"", ""tiktok_butheisapollo9.jsonl""]",true
7648395730532470037,https://www.tiktok.com/@x/video/7648395730532470037,https://www.tiktok.com/@drama.vault.tv/video/7664251475094293773,dramavault14,dramavault14,false,107600,Money can’t buy a heart ❤️ love does does she deserve a second chance  Pt1 Wait till the ending☄️ #nigerianstory #tiktokseries #africanstory #nollywood #nollywood,money can’t buy a heart ❤️ love does does she deserve a second chance pt1 wait till the ending☄️ #nigerianstory #tiktokseries #africanstory #nollywood #nollywood,"[""nigerianstory"", ""tiktokseries"", ""africanstory"", ""nollywood"", ""nollywood""]",original sound,en,1780780911,2026-06-06 21:21:51,2026-06-07 05:21:51,Malay Peninsula Standard Time,8.0,142800,14000,179,74,11.8692,9.5469,false,apollo_short_drama,high,uploader=@dramavault14,false,false,36,11,"[""tiktok_butheisapollo10.jsonl"", ""tiktok_butheisapollo11.jsonl"", ""tiktok_butheisapollo12.jsonl"", ""tiktok_butheisapollo13.jsonl"", ""tiktok_butheisapollo14.jsonl"", ""tiktok_butheisapollo15.jsonl"", ""tiktok_butheisapollo3.jsonl"", ""tiktok_butheisapollo6.jsonl"", ""tiktok_butheisapollo7.jsonl"", ""tiktok_butheisapollo8.jsonl"", ""tiktok_butheisapollo9.jsonl""]",true
7671243298413104414,https://www.tiktok.com/@x/video/7671243298413104414,https://www.tiktok.com/@drama.vault.tv/video/7664251475094293773,dramavault56,Dramavault,false,11600,The perfect duo a silly boyfriend and his weird girlfriend.#fyp #tiktokmilestonechallenge #avatar #avtarthelastairbenderedit #bolin,the perfect duo a silly boyfriend and his weird girlfriend.#fyp #tiktokmilestonechallenge #avatar #avtarthelastairbenderedit #bolin,"[""fyp"", ""tiktokmilestonechallenge"", ""avatar"", ""avtarthelastairbenderedit"", ""bolin""]",original sound,en,1786100576,2026-08-07 11:02:56,2026-08-07 19:02:56,Malay Peninsula Standard Time,8.0,584500,60100,2438,186,13.2785,11.0038,false,apollo_short_drama,high,uploader=@dramavault56,false,false,36,11,"[""tiktok_butheisapollo10.jsonl"", ""tiktok_butheisapollo12.jsonl"", ""tiktok_butheisapollo13.jsonl"", ""tiktok_butheisapollo14.jsonl"", ""tiktok_butheisapollo15.jsonl"", ""tiktok_butheisapollo2.jsonl"", ""tiktok_butheisapollo3.jsonl"", ""tiktok_butheisapollo4.jsonl"", ""tiktok_butheisapollo7.jsonl"", ""tiktok_butheisapollo8.jsonl"", ""tiktok_butheisapollo9.jsonl""]",true
7676528108995972374,https://www.tiktok.com/@x/video/7676528108995972374,https://www.tiktok.com/@drama.vault.tv/video/7664251475094293773,narravault.storie,Narravault stories,false,322000,"Denied By Him Chosen By A Stranger Episode 4 Now that Cynthia’s life has taken a turn for good, let’s see what the future holds for her  #Tiktokseries #Dramaseries #storytime #Uktiktok","denied by him chosen by a stranger episode 4 now that cynthia’s life has taken a turn for good, let’s see what the future holds for her #tiktokseries #dramaseries #storytime #uktiktok","[""tiktokseries"", ""dramaseries"", ""storytime"", ""uktiktok""]",original sound,en,1787330986,2026-08-21 16:49:46,2026-08-22 00:49:46,Malay Peninsula Standard Time,8.0,1200000,140600,1791,2158,13.9978,11.8537,false,apollo_short_drama,high,uploader=@narravault.storie,false,false,36,7,"[""tiktok_butheisapollo11.jsonl"", ""tiktok_butheisapollo12.jsonl"", ""tiktok_butheisapollo14.jsonl"", ""tiktok_butheisapollo15.jsonl"", ""tiktok_butheisapollo3.jsonl"", ""tiktok_butheisapollo4.jsonl"", ""tiktok_butheisapollo7.jsonl""]",true
7677183927886302471,https://www.tiktok.com/@x/video/7677183927886302471,https://www.tiktok.com/@drama.vault.tv/video/7664251475094293773,drama_vault0001,Drama Vault,false,1690,#movies #tvshow #filmclips #shottdrama #tiktokfyp,#movies #tvshow #filmclips #shottdrama #tiktokfyp,"[""movies"", ""tvshow"", ""filmclips"", ""shottdrama"", ""tiktokfyp""]",original sound,un,1787483680,2026-08-23 11:14:40,2026-08-23 19:14:40,Malay Peninsula Standard Time,8.0,410200,31300,535,244,12.9244,10.3514,false,apollo_short_drama,high,uploader=@drama_vault0001,false,false,36,11,"[""tiktok_butheisapollo10.jsonl"", ""tiktok_butheisapollo11.jsonl"", ""tiktok_butheisapollo12.jsonl"", ""tiktok_butheisapollo13.jsonl"", ""tiktok_butheisapollo14.jsonl"", ""tiktok_butheisapollo15.jsonl"", ""tiktok_butheisapollo2.jsonl"", ""tiktok_butheisapollo4.jsonl"", ""tiktok_butheisapollo7.jsonl"", ""tiktok_butheisapollo8.jsonl"", ""tiktok_butheisapollo9.jsonl""]",true
7678641715607031061,https://www.tiktok.com/@x/video/7678641715607031061,https://www.tiktok.com/@drama.vault.tv/video/7664251475094293773,music.men02,music men,false,171700,,,[],original sound,un,1787823097,2026-08-27 09:31:37,2026-08-27 17:31:37,Malay Peninsula Standard Time,8.0,177700,12000,405,170,12.0879,9.3927,true,apollo_short_drama,high,uploader=@music.men02,false,false,36,9,"[""tiktok_butheisapollo10.jsonl"", ""tiktok_butheisapollo12.jsonl"", ""tiktok_butheisapollo13.jsonl"", ""tiktok_butheisapollo14.jsonl"", ""tiktok_butheisapollo15.jsonl"", ""tiktok_butheisapollo3.jsonl"", ""tiktok_butheisapollo7.jsonl"", ""tiktok_butheisapollo8.jsonl"", ""tiktok_butheisapollo9.jsonl""]",true
7683031765518175521,https://www.tiktok.com/@x/video/7683031765518175521,https://www.tiktok.com/@drama.vault.tv/video/7664251475094293773,short.drama.serie80,Short Drama Series,false,62300,She Rejected Her “Poor” Boyfriend—Then His Convoy Arrived.  #MoralStory #LifeLessons #RelationshipDrama #Karma,she rejected her “poor” boyfriend—then his convoy arrived. #moralstory #lifelessons #relationshipdrama #karma,"[""moralstory"", ""lifelessons"", ""relationshipdrama"", ""karma""]",original sound,en,1788845241,2026-09-08 05:27:21,2026-09-08 13:27:21,Malay Peninsula Standard Time,8.0,333500,28100,533,491,12.7174,10.2436,false,apollo_short_drama,high,uploader=@short.drama.serie80,false,false,36,10,"[""tiktok_butheisapollo10.jsonl"", ""tiktok_butheisapollo11.jsonl"", ""tiktok_butheisapollo12.jsonl"", ""tiktok_butheisapollo13.jsonl"", ""tiktok_butheisapollo14.jsonl"", ""tiktok_butheisapollo15.jsonl"", ""tiktok_butheisapollo3.jsonl"", ""tiktok_butheisapollo4.jsonl"", ""tiktok_butheisapollo7.jsonl"", ""tiktok_butheisapollo9.jsonl""]",true
