Topic,Top words,Train docs,Holdout docs,Label (write your own),Share of train %
0,"name, lol, side, see, good, bro, tears, wait",118,12,,10.2
1,"see, back, done, people, scene, need, cried, waiting",143,20,,12.3
2,"story, beautiful, men, still, cute, true, gay, talking",107,12,,9.2
3,"actually, know, always, building, anyone, let, episodes, well",90,11,,7.8
4,"find, look, tag, different, stop, already, lesbian, love",97,11,,8.4
5,"god, may, protect, wow, always, yeah, free, complete",93,10,,8.0
6,"love, much, came, loved, story, tears_tears, rest, girl",109,14,,9.4
7,"even, bring_back, want, never, man, right, water, trust_man",166,16,,14.3
8,"story, interesting, people, someone, life, way, happy_birthday, glad",114,11,,9.8
9,"love, good, end, post, new, real, also, felt",124,13,,10.7
